tau,decided_at,x,forecast,known_at,y,logged_at
2026-10-07 06:00:00+00:00,2026-10-07 06:10:00+00:00,-0.0006539445471036576,0.0004922549878368383,2026-10-07 12:10:00+00:00,0.0003540179684393685,2026-10-09 21:47:07.946391+00:00
2026-10-07 07:00:00+00:00,2026-10-07 07:10:00+00:00,-0.0005850093609698348,0.00046847264891372424,2026-10-07 13:10:00+00:00,0.0007040844702395077,2026-10-09 21:47:07.946391+00:00
2026-10-07 08:00:00+00:00,2026-10-07 08:10:00+00:00,-0.0008034678402930595,0.0005438398726390245,2026-10-07 14:10:00+00:00,0.0008730138412451627,2026-10-09 21:47:07.946391+00:00
2026-10-07 09:00:00+00:00,2026-10-07 09:10:00+00:00,-0.0007295187796081404,0.0005183277688370477,2026-10-07 15:10:00+00:00,0.0009273239771880881,2026-10-09 21:47:07.946391+00:00
2026-10-07 10:00:00+00:00,2026-10-07 10:10:00+00:00,-0.0006438547103910786,0.0004887740381239935,2026-10-07 16:10:00+00:00,0.0009755021721822299,2026-10-09 21:47:07.946391+00:00
2026-10-07 11:00:00+00:00,2026-10-07 11:10:00+00:00,-0.000291454903453614,0.00036719763984232267,2026-10-07 17:10:00+00:00,0.0008665994114924747,2026-10-09 21:47:07.946391+00:00
2026-10-07 12:00:00+00:00,2026-10-07 12:10:00+00:00,0.0003540179684393685,0.00014451231082566722,2026-10-07 18:10:00+00:00,-0.0006499640521742123,2026-10-09 21:47:07.946391+00:00
2026-10-07 13:00:00+00:00,2026-10-07 13:10:00+00:00,0.0007040844702395077,2.3740892652111123e-05,2026-10-07 19:10:00+00:00,-0.0007578156182408424,2026-10-09 21:47:07.946391+00:00
2026-10-07 14:00:00+00:00,2026-10-07 14:10:00+00:00,0.0008730138412451627,-3.4539004460602666e-05,2026-10-07 20:10:00+00:00,-0.000773067030126473,2026-10-09 21:47:07.946391+00:00
2026-10-07 15:00:00+00:00,2026-10-07 15:10:00+00:00,0.0009273239771880881,-5.327576477699101e-05,2026-10-07 21:10:00+00:00,0.0002636794140902232,2026-10-09 21:47:07.946391+00:00
2026-10-07 16:00:00+00:00,2026-10-07 16:10:00+00:00,0.0009755021721822299,-6.989703217779637e-05,2026-10-07 22:10:00+00:00,0.00023559206522527631,2026-10-09 21:47:07.946391+00:00
2026-10-07 17:00:00+00:00,2026-10-07 17:10:00+00:00,0.0008665994114924747,-3.2326054138240605e-05,2026-10-07 23:10:00+00:00,0.00021277806035313596,2026-10-09 21:47:07.946391+00:00
2026-10-07 18:00:00+00:00,2026-10-07 18:10:00+00:00,-0.0006499640521742123,0.0004908817344258729,2026-10-08 00:10:00+00:00,0.00121774527943308,2026-10-09 21:47:07.946391+00:00
2026-10-07 19:00:00+00:00,2026-10-07 19:10:00+00:00,-0.0007578156182408424,0.0005280900548996279,2026-10-08 01:10:00+00:00,0.0009528122175450626,2026-10-09 21:47:07.946391+00:00
2026-10-07 20:00:00+00:00,2026-10-07 20:10:00+00:00,-0.000773067030126473,0.0005333517255625016,2026-10-08 02:10:00+00:00,0.0007942080557896691,2026-10-09 21:47:07.946391+00:00
2026-10-07 21:00:00+00:00,2026-10-07 21:10:00+00:00,0.0002636794140902232,0.00017567871854646107,2026-10-08 03:10:00+00:00,-0.00026729575432882235,2026-10-09 21:47:07.946391+00:00
2026-10-07 22:00:00+00:00,2026-10-07 22:10:00+00:00,0.00023559206522527631,0.00018536873155173774,2026-10-08 04:10:00+00:00,-0.0002806585006698281,2026-10-09 21:47:07.946391+00:00
2026-10-07 23:00:00+00:00,2026-10-07 23:10:00+00:00,0.00021277806035313596,0.00019323946385105343,2026-10-08 05:10:00+00:00,-0.000362723389009334,2026-10-09 21:47:07.946391+00:00
2026-10-08 00:00:00+00:00,2026-10-08 00:10:00+00:00,0.00121774527943308,-0.00015346984892836038,2026-10-08 06:10:00+00:00,-0.0004506377852586674,2026-10-09 21:47:07.946391+00:00
2026-10-08 01:00:00+00:00,2026-10-08 01:10:00+00:00,0.0009528122175450626,-6.206909666916306e-05,2026-10-08 07:10:00+00:00,-0.0003107329609046694,2026-10-09 21:47:07.946391+00:00
2026-10-08 02:00:00+00:00,2026-10-08 02:10:00+00:00,0.0007942080557896691,-7.351351769472876e-06,2026-10-08 08:10:00+00:00,-0.0002414793683194194,2026-10-09 21:47:07.946391+00:00
2026-10-08 03:00:00+00:00,2026-10-08 03:10:00+00:00,-0.00026729575432882235,0.00035886283863551275,2026-10-08 09:10:00+00:00,-0.00017999899616394366,2026-10-09 21:47:07.946391+00:00
2026-10-08 04:00:00+00:00,2026-10-08 04:10:00+00:00,-0.0002806585006698281,0.00036347292791282995,2026-10-08 10:10:00+00:00,-0.00018028605436049006,2026-10-09 21:47:07.946391+00:00
2026-10-08 05:00:00+00:00,2026-10-08 05:10:00+00:00,-0.000362723389009334,0.00039178495690175364,2026-10-08 11:10:00+00:00,-0.0001783501558059175,2026-10-09 21:47:07.946391+00:00
2026-10-08 06:00:00+00:00,2026-10-08 06:10:00+00:00,-0.0004506377852586674,0.0004221150406381454,2026-10-08 12:10:00+00:00,0.000288765360401122,2026-10-09 21:47:07.946391+00:00
2026-10-08 07:00:00+00:00,2026-10-08 07:10:00+00:00,-0.0003107329609046694,0.0003738484856845349,2026-10-08 13:10:00+00:00,0.0008465691374388573,2026-10-09 21:47:07.946391+00:00
2026-10-08 08:00:00+00:00,2026-10-08 08:10:00+00:00,-0.0002414793683194194,0.0003499562979227095,2026-10-08 14:10:00+00:00,0.0012560012406555021,2026-10-09 21:47:07.946391+00:00
2026-10-08 09:00:00+00:00,2026-10-08 09:10:00+00:00,-0.00017999899616394366,0.0003287458373477244,2026-10-08 15:10:00+00:00,0.0013985215210552404,2026-10-09 21:47:07.946391+00:00
2026-10-08 10:00:00+00:00,2026-10-08 10:10:00+00:00,-0.00018028605436049006,0.00032884487117506,2026-10-08 16:10:00+00:00,0.0013933110820656402,2026-10-09 21:47:07.946391+00:00
2026-10-08 11:00:00+00:00,2026-10-08 11:10:00+00:00,-0.0001783501558059175,0.00032817699460682627,2026-10-08 17:10:00+00:00,0.014273232098608313,2026-10-09 21:47:07.946391+00:00
2026-10-08 12:00:00+00:00,2026-10-08 12:10:00+00:00,0.000288765360401122,0.0001670241763477258,2026-10-08 18:10:00+00:00,0.018911139713653435,2026-10-09 21:47:07.946391+00:00
2026-10-08 13:00:00+00:00,2026-10-08 13:10:00+00:00,0.0008465691374388573,-2.5415696844924198e-05,2026-10-08 19:10:00+00:00,0.020005040271214414,2026-10-09 21:47:07.946391+00:00
2026-10-08 14:00:00+00:00,2026-10-08 14:10:00+00:00,0.0012560012406555021,-0.0001666679889008113,2026-10-08 20:10:00+00:00,0.020763635925410417,2026-10-09 21:47:07.946391+00:00
2026-10-08 15:00:00+00:00,2026-10-08 15:10:00+00:00,0.0013985215210552404,-0.00021583686479684374,2026-10-08 21:10:00+00:00,0.02107949704099643,2026-10-09 21:47:07.946391+00:00
2026-10-08 16:00:00+00:00,2026-10-08 16:10:00+00:00,0.0013933110820656402,-0.0002140392860429644,2026-10-08 22:10:00+00:00,0.021162519961138493,2026-10-09 21:47:07.946391+00:00
2026-10-08 17:00:00+00:00,2026-10-08 17:10:00+00:00,0.014273232098608313,-0.004657555929687245,2026-10-08 23:10:00+00:00,0.010222724807250394,2026-10-09 21:47:07.946391+00:00
2026-10-08 18:00:00+00:00,2026-10-08 18:10:00+00:00,0.018911139713653435,-0.006257613853386334,2026-10-09 00:10:00+00:00,0.009076618005080972,2026-10-09 21:47:07.946391+00:00
2026-10-08 19:00:00+00:00,2026-10-08 19:10:00+00:00,0.020005040271214414,-0.0066350047805333965,2026-10-09 01:10:00+00:00,0.004445268617095266,2026-10-09 21:47:07.946391+00:00
2026-10-08 20:00:00+00:00,2026-10-08 20:10:00+00:00,0.020763635925410417,-0.006896716976663074,2026-10-09 02:10:00+00:00,0.0016893292389139614,2026-10-09 21:47:07.946391+00:00
2026-10-08 21:00:00+00:00,2026-10-08 21:10:00+00:00,0.02107949704099643,-0.007005687685597067,2026-10-09 03:10:00+00:00,0.00027636084088422663,2026-10-09 21:47:07.946391+00:00
2026-10-08 22:00:00+00:00,2026-10-08 22:10:00+00:00,0.021162519961138493,-0.007034330231384528,2026-10-09 04:10:00+00:00,-0.00032731590235313135,2026-10-09 21:47:07.946391+00:00
2026-10-08 23:00:00+00:00,2026-10-08 23:10:00+00:00,0.010222724807250394,-0.0032601485588474254,2026-10-09 05:10:00+00:00,-0.002506633556900395,2026-10-09 21:47:07.946391+00:00
2026-10-09 00:00:00+00:00,2026-10-09 00:10:00+00:00,0.009076618005080972,-0.0028647467047294736,2026-10-09 06:10:00+00:00,-0.006619875533629083,2026-10-09 21:47:07.946391+00:00
2026-10-09 01:00:00+00:00,2026-10-09 01:10:00+00:00,0.004445268617095266,-0.0012669513407971614,2026-10-09 07:10:00+00:00,-0.0029776408402504284,2026-10-09 21:47:07.946391+00:00
2026-10-09 02:00:00+00:00,2026-10-09 02:10:00+00:00,0.0016893292389139614,-0.0003161642606516594,2026-10-09 08:10:00+00:00,-0.0013094437877678722,2026-10-09 21:47:07.946391+00:00
2026-10-09 03:00:00+00:00,2026-10-09 03:10:00+00:00,0.00027636084088422663,0.00017130368154491922,2026-10-09 09:10:00+00:00,0.0029994182519381685,2026-10-09 21:47:07.946391+00:00
2026-10-09 04:00:00+00:00,2026-10-09 04:10:00+00:00,-0.00032731590235313135,0.0003795695282462228,2026-10-09 10:10:00+00:00,-0.000574354098820562,2026-10-09 21:47:07.946391+00:00
2026-10-09 05:00:00+00:00,2026-10-09 05:10:00+00:00,-0.002506633556900395,0.0011314246255974324,2026-10-09 11:10:00+00:00,0.00028659623889581987,2026-10-09 21:47:07.946391+00:00
2026-10-09 06:00:00+00:00,2026-10-09 06:10:00+00:00,-0.006619875533629083,0.002550475189607517,2026-10-09 12:10:00+00:00,0.0008066926530376772,2026-10-09 21:47:07.946391+00:00
2026-10-09 07:00:00+00:00,2026-10-09 07:10:00+00:00,-0.0029776408402504284,0.0012939200865676854,2026-10-09 13:10:00+00:00,0.0005116655641432821,2026-10-09 21:47:07.946391+00:00
2026-10-09 08:00:00+00:00,2026-10-09 08:10:00+00:00,-0.0013094437877678722,0.0007183993704030507,2026-10-09 14:10:00+00:00,0.0007568914398958793,2026-10-09 21:47:07.946391+00:00
2026-10-09 09:00:00+00:00,2026-10-09 09:10:00+00:00,0.0029994182519381685,-0.0007681392631809216,2026-10-09 15:10:00+00:00,-0.0023564133278570765,2026-10-09 21:47:07.946391+00:00
2026-10-09 10:00:00+00:00,2026-10-09 10:10:00+00:00,-0.000574354098820562,0.0004647966298883066,2026-10-09 16:10:00+00:00,0.0015255317253553002,2026-10-09 21:47:07.946391+00:00
2026-10-09 11:00:00+00:00,2026-10-09 11:10:00+00:00,0.00028659623889581987,0.00016777251381800356,2026-10-09 17:10:00+00:00,0.0016097261367897797,2026-10-09 21:47:07.946391+00:00
2026-10-09 12:00:00+00:00,2026-10-09 12:10:00+00:00,0.0008066926530376772,-1.1658483435068347e-05,2026-10-09 18:10:00+00:00,0.0008218087051565792,2026-10-09 21:47:07.946391+00:00
2026-10-09 13:00:00+00:00,2026-10-09 13:10:00+00:00,0.0005116655641432821,9.012457704677787e-05,2026-10-09 19:10:00+00:00,0.0007723067140013029,2026-10-09 21:47:07.946391+00:00
2026-10-09 14:00:00+00:00,2026-10-09 14:10:00+00:00,0.0007568914398958793,5.52271815654334e-06,2026-10-09 20:10:00+00:00,0.0001277691935532843,2026-10-09 21:47:07.946391+00:00
2026-10-09 15:00:00+00:00,2026-10-09 15:10:00+00:00,-0.0023564133278570765,0.0010795993009616125,2026-10-09 21:10:00+00:00,0.006207546403246278,2026-10-09 21:47:07.946391+00:00
2026-10-09 16:00:00+00:00,2026-10-09 16:10:00+00:00,0.0015255317253553002,-0.00025965483200293996,2026-10-09 22:10:00+00:00,,2026-10-09 21:47:07.946391+00:00
2026-10-09 17:00:00+00:00,2026-10-09 17:10:00+00:00,0.0016097261367897797,-0.0002887015371830753,2026-10-09 23:10:00+00:00,,2026-10-09 21:47:07.946391+00:00
2026-10-09 18:00:00+00:00,2026-10-09 18:10:00+00:00,0.0008218087051565792,-1.6873455568070233e-05,2026-10-10 00:10:00+00:00,,2026-10-09 21:47:07.946391+00:00
2026-10-09 19:00:00+00:00,2026-10-09 19:10:00+00:00,0.0007723067140013029,2.045157416518729e-07,2026-10-10 01:10:00+00:00,,2026-10-09 21:47:07.946391+00:00
2026-10-09 20:00:00+00:00,2026-10-09 20:10:00+00:00,0.0001277691935532843,0.00022256715258434009,2026-10-10 02:10:00+00:00,,2026-10-09 21:47:07.946391+00:00
2026-10-09 21:00:00+00:00,2026-10-09 21:10:00+00:00,0.006207546403246278,-0.0018749295002462012,2026-10-10 03:10:00+00:00,,2026-10-09 21:47:07.946391+00:00
