as_of_date,gpu_model,value,method,n_listings,n_providers,meets_coverage,ts_available,series
2026-07-19,H100,3.14,provider_weighted_median,18,13,True,2026-07-19 23:04:45.007000+00:00,headline
2026-07-20,H100,2.99,provider_weighted_median,25,19,True,2026-07-20 13:33:00.800000+00:00,headline
2026-07-21,H100,2.99,provider_weighted_median,25,19,True,2026-07-21 07:43:24.993000+00:00,headline
2026-07-22,H100,2.99,provider_weighted_median,25,19,True,2026-07-22 07:43:52.233000+00:00,headline
2026-07-23,H100,2.99,provider_weighted_median,25,19,True,2026-07-23 07:45:34.020000+00:00,headline
2026-07-24,H100,2.99,provider_weighted_median,25,19,True,2026-07-24 07:42:54.956000+00:00,headline
2026-07-25,H100,2.99,provider_weighted_median,25,19,True,2026-07-25 07:30:00.538000+00:00,headline
2026-07-26,H100,2.99,provider_weighted_median,24,19,True,2026-07-26 07:47:14.765000+00:00,headline
2026-07-27,H100,2.99,provider_weighted_median,24,19,True,2026-07-27 08:49:27.535000+00:00,headline
2026-07-28,H100,2.99,provider_weighted_median,24,19,True,2026-07-28 10:33:35.305000+00:00,headline
2026-07-29,H100,2.99,provider_weighted_median,24,19,True,2026-07-29 08:00:52.843000+00:00,headline
2026-07-30,H100,2.99,provider_weighted_median,24,19,True,2026-07-30 07:43:57.676000+00:00,headline
2026-07-31,H100,2.99,provider_weighted_median,24,19,True,2026-07-31 08:11:09.604000+00:00,headline
2026-08-01,H100,2.99,provider_weighted_median,24,19,True,2026-08-01 07:38:52.825000+00:00,headline
2026-08-02,H100,3.17,provider_weighted_median,24,19,True,2026-08-02 07:41:41.862000+00:00,headline
2026-08-03,H100,3.25,provider_weighted_median,24,19,True,2026-08-03 08:45:33.511000+00:00,headline
2026-08-04,H100,3.17,provider_weighted_median,24,19,True,2026-08-04 07:56:54.817000+00:00,headline
2026-08-05,H100,3.17,provider_weighted_median,24,19,True,2026-08-05 07:58:05.296000+00:00,headline
2026-08-06,H100,3.17,provider_weighted_median,24,19,True,2026-08-06 07:57:19.403000+00:00,headline
2026-08-07,H100,3.17,provider_weighted_median,24,19,True,2026-08-07 06:35:50.365000+00:00,headline
2026-08-08,H100,3.17,provider_weighted_median,24,19,True,2026-08-08 05:59:51.152000+00:00,headline
2026-08-09,H100,3.25,provider_weighted_median,24,19,True,2026-08-09 06:02:10.094000+00:00,headline
2026-08-10,H100,3.17,provider_weighted_median,24,19,True,2026-08-10 06:45:20.582000+00:00,headline
2026-08-11,H100,3.17,provider_weighted_median,24,19,True,2026-08-11 06:07:28.985000+00:00,headline
2026-08-12,H100,3.17,provider_weighted_median,24,19,True,2026-08-12 06:46:37.733000+00:00,headline
2026-08-13,H100,3.17,provider_weighted_median,24,19,True,2026-08-13 06:50:34.177000+00:00,headline
2026-08-14,H100,3.25,provider_weighted_median,24,19,True,2026-08-14 06:47:05.229000+00:00,headline
2026-08-15,H100,3.17,provider_weighted_median,24,19,True,2026-08-15 05:44:36.870000+00:00,headline
2026-08-16,H100,3.17,provider_weighted_median,24,19,True,2026-08-16 05:47:20.204000+00:00,headline
2026-08-17,H100,3.17,provider_weighted_median,24,19,True,2026-08-17 17:16:03.226000+00:00,headline
2026-08-18,H100,3.17,provider_weighted_median,24,19,True,2026-08-18 05:48:43.437000+00:00,headline
2026-08-19,H100,3.17,provider_weighted_median,24,19,True,2026-08-19 05:49:55.675000+00:00,headline
2026-08-20,H100,3.17,provider_weighted_median,24,19,True,2026-08-20 05:50:08.033000+00:00,headline
2026-08-21,H100,3.25,provider_weighted_median,24,19,True,2026-08-21 05:50:59.882000+00:00,headline
2026-08-22,H100,3.1950000000000003,provider_weighted_median,24,19,True,2026-08-22 06:21:50.801000+00:00,headline
2026-08-23,H100,3.1950000000000003,provider_weighted_median,24,19,True,2026-08-23 05:49:08.666000+00:00,headline
2026-08-24,H100,3.2,provider_weighted_median,24,19,True,2026-08-24 05:56:48.355000+00:00,headline
2026-08-25,H100,3.2,provider_weighted_median,24,19,True,2026-08-25 05:50:59.133000+00:00,headline
2026-08-26,H100,3.2,provider_weighted_median,24,19,True,2026-08-26 05:53:20.861000+00:00,headline
2026-08-27,H100,3.2,provider_weighted_median,24,19,True,2026-08-27 16:33:59.366000+00:00,headline
2026-08-28,H100,3.2,provider_weighted_median,24,19,True,2026-08-28 17:28:43.828000+00:00,headline
2026-08-29,H100,3.2,provider_weighted_median,24,19,True,2026-08-29 11:41:18.646000+00:00,headline
2026-08-30,H100,3.2,provider_weighted_median,24,19,True,2026-08-30 10:30:59.657000+00:00,headline
2026-08-31,H100,3.2,provider_weighted_median,24,19,True,2026-08-31 11:39:40.287000+00:00,headline
2026-09-01,H100,3.2,provider_weighted_median,23,19,True,2026-09-01 10:12:24.064000+00:00,headline
2026-09-02,H100,3.2,provider_weighted_median,23,19,True,2026-09-02 09:42:27.563000+00:00,headline
2026-09-03,H100,3.095,provider_weighted_median,23,19,True,2026-09-03 09:55:21.456000+00:00,headline
2026-09-04,H100,3.095,provider_weighted_median,23,19,True,2026-09-04 09:43:31.951000+00:00,headline
2026-09-05,H100,3.095,provider_weighted_median,23,19,True,2026-09-05 09:08:54.025000+00:00,headline
2026-09-06,H100,3.095,provider_weighted_median,23,19,True,2026-09-06 09:30:21.997000+00:00,headline
2026-09-07,H100,3.095,provider_weighted_median,23,19,True,2026-09-07 10:27:52.459000+00:00,headline
2026-09-08,H100,3.095,provider_weighted_median,23,19,True,2026-09-08 09:48:30.289000+00:00,headline
2026-09-09,H100,3.095,provider_weighted_median,24,19,True,2026-09-09 09:51:47.412000+00:00,headline
2026-09-10,H100,3.095,provider_weighted_median,24,19,True,2026-09-10 09:49:41.435000+00:00,headline
2026-09-11,H100,3.095,provider_weighted_median,24,19,True,2026-09-11 09:49:20.059000+00:00,headline
2026-09-12,H100,3.095,provider_weighted_median,24,19,True,2026-09-12 09:25:55.368000+00:00,headline
2026-09-13,H100,3.095,provider_weighted_median,24,19,True,2026-09-13 12:08:08.547000+00:00,headline
2026-09-14,H100,3.095,provider_weighted_median,24,19,True,2026-09-14 10:46:17.160000+00:00,headline
2026-09-15,H100,3.095,provider_weighted_median,24,19,True,2026-09-15 10:09:35.506000+00:00,headline
2026-09-16,H100,3.095,provider_weighted_median,24,19,True,2026-09-16 10:01:56.062000+00:00,headline
2026-09-17,H100,3.095,provider_weighted_median,24,19,True,2026-09-17 10:04:46.667000+00:00,headline
2026-09-18,H100,3.095,provider_weighted_median,24,19,True,2026-09-18 09:52:09.291000+00:00,headline
2026-09-19,H100,3.095,provider_weighted_median,24,19,True,2026-09-19 09:35:33.580000+00:00,headline
2026-09-20,H100,3.095,provider_weighted_median,24,19,True,2026-09-20 09:52:01.828000+00:00,headline
2026-09-21,H100,3.095,provider_weighted_median,24,19,True,2026-09-21 10:49:19.569000+00:00,headline
2026-09-22,H100,3.095,provider_weighted_median,24,19,True,2026-09-22 10:04:42.770000+00:00,headline
2026-09-23,H100,3.095,provider_weighted_median,24,19,True,2026-09-23 10:05:21.802000+00:00,headline
2026-09-24,H100,3.095,provider_weighted_median,24,19,True,2026-09-24 10:09:39.953000+00:00,headline
2026-09-25,H100,3.095,provider_weighted_median,24,19,True,2026-09-25 10:16:09.059000+00:00,headline
2026-09-26,H100,3.095,provider_weighted_median,24,19,True,2026-09-26 09:56:39.573000+00:00,headline
2026-09-27,H100,3.095,provider_weighted_median,24,19,True,2026-09-27 10:36:24.275000+00:00,headline
2026-09-28,H100,3.095,provider_weighted_median,24,19,True,2026-09-28 05:20:05.205000+00:00,headline
2026-09-29,H100,3.095,provider_weighted_median,24,19,True,2026-09-29 05:20:04.794000+00:00,headline
2026-09-30,H100,3.17,provider_weighted_median,24,19,True,2026-09-30 06:31:25.554000+00:00,headline
2026-10-01,H100,3.17,provider_weighted_median,24,19,True,2026-10-01 06:24:27.779000+00:00,headline
2026-10-02,H100,3.17,provider_weighted_median,24,19,True,2026-10-02 06:18:05.340000+00:00,headline
2026-10-03,H100,3.2088,provider_weighted_median,27,18,True,2026-10-03 06:20:01.722000+00:00,headline
2026-10-04,H100,3.2088,provider_weighted_median,55,20,True,2026-10-04 21:01:56.635000+00:00,headline
2026-10-05,H100,3.2,provider_weighted_median,33,22,True,2026-10-05 18:35:49.580239+00:00,headline
2026-10-06,H100,3.2,provider_weighted_median,53,23,True,2026-10-06 17:43:44.376020+00:00,headline
2026-10-07,H100,3.19,provider_weighted_median,34,23,True,2026-10-07 08:47:04.512000+00:00,headline
2026-10-08,H100,3.19,provider_weighted_median,34,23,True,2026-10-08 08:47:04.169000+00:00,headline
2026-10-09,H100,3.245,provider_weighted_median,21,14,True,2026-10-09 03:03:43.374998+00:00,headline
2026-07-19,B200,7.15,provider_weighted_median,7,7,True,2026-07-19 23:04:45.007000+00:00,headline
2026-07-20,B200,6.69,provider_weighted_median,9,9,True,2026-07-20 13:33:00.800000+00:00,headline
2026-07-21,B200,6.69,provider_weighted_median,9,9,True,2026-07-21 07:43:24.993000+00:00,headline
2026-07-22,B200,6.69,provider_weighted_median,9,9,True,2026-07-22 07:43:52.233000+00:00,headline
2026-07-23,B200,6.69,provider_weighted_median,9,9,True,2026-07-23 07:45:34.020000+00:00,headline
2026-07-24,B200,6.4,provider_weighted_median,8,8,True,2026-07-24 07:42:54.956000+00:00,headline
2026-07-25,B200,6.69,provider_weighted_median,9,9,True,2026-07-25 07:30:00.538000+00:00,headline
2026-07-26,B200,6.69,provider_weighted_median,9,9,True,2026-07-26 07:47:14.765000+00:00,headline
2026-07-27,B200,6.69,provider_weighted_median,9,9,True,2026-07-27 08:49:27.535000+00:00,headline
2026-07-28,B200,6.69,provider_weighted_median,9,9,True,2026-07-28 10:33:35.305000+00:00,headline
2026-07-29,B200,6.4,provider_weighted_median,8,8,True,2026-07-29 08:00:52.843000+00:00,headline
2026-07-30,B200,6.4,provider_weighted_median,8,8,True,2026-07-30 07:43:57.676000+00:00,headline
2026-07-31,B200,6.69,provider_weighted_median,9,9,True,2026-07-31 08:11:09.604000+00:00,headline
2026-08-01,B200,6.69,provider_weighted_median,9,9,True,2026-08-01 07:38:52.825000+00:00,headline
2026-08-02,B200,6.69,provider_weighted_median,9,9,True,2026-08-02 07:41:41.862000+00:00,headline
2026-08-03,B200,6.4,provider_weighted_median,8,8,True,2026-08-03 08:45:33.511000+00:00,headline
2026-08-04,B200,6.4,provider_weighted_median,8,8,True,2026-08-04 07:56:54.817000+00:00,headline
2026-08-05,B200,6.69,provider_weighted_median,9,9,True,2026-08-05 07:58:05.296000+00:00,headline
2026-08-06,B200,6.69,provider_weighted_median,9,9,True,2026-08-06 07:57:19.403000+00:00,headline
2026-08-07,B200,6.69,provider_weighted_median,9,9,True,2026-08-07 06:35:50.365000+00:00,headline
2026-08-08,B200,6.69,provider_weighted_median,9,9,True,2026-08-08 05:59:51.152000+00:00,headline
2026-08-09,B200,6.69,provider_weighted_median,9,9,True,2026-08-09 06:02:10.094000+00:00,headline
2026-08-10,B200,6.69,provider_weighted_median,9,9,True,2026-08-10 06:45:20.582000+00:00,headline
2026-08-11,B200,6.69,provider_weighted_median,9,9,True,2026-08-11 06:07:28.985000+00:00,headline
2026-08-12,B200,6.69,provider_weighted_median,9,9,True,2026-08-12 06:46:37.733000+00:00,headline
2026-08-13,B200,6.69,provider_weighted_median,9,9,True,2026-08-13 06:50:34.177000+00:00,headline
2026-08-14,B200,6.4,provider_weighted_median,8,8,True,2026-08-14 06:47:05.229000+00:00,headline
2026-08-15,B200,6.69,provider_weighted_median,9,9,True,2026-08-15 05:44:36.870000+00:00,headline
2026-08-16,B200,6.4,provider_weighted_median,8,8,True,2026-08-16 05:47:20.204000+00:00,headline
2026-08-17,B200,6.4,provider_weighted_median,8,8,True,2026-08-17 17:16:03.226000+00:00,headline
2026-08-18,B200,6.69,provider_weighted_median,9,9,True,2026-08-18 05:48:43.437000+00:00,headline
2026-08-19,B200,6.69,provider_weighted_median,9,9,True,2026-08-19 05:49:55.675000+00:00,headline
2026-08-20,B200,6.4,provider_weighted_median,8,8,True,2026-08-20 05:50:08.033000+00:00,headline
2026-08-21,B200,6.69,provider_weighted_median,9,9,True,2026-08-21 05:50:59.882000+00:00,headline
2026-08-22,B200,6.4,provider_weighted_median,8,8,True,2026-08-22 06:21:50.801000+00:00,headline
2026-08-23,B200,6.69,provider_weighted_median,9,9,True,2026-08-23 05:49:08.666000+00:00,headline
2026-08-24,B200,6.69,provider_weighted_median,9,9,True,2026-08-24 05:56:48.355000+00:00,headline
2026-08-25,B200,6.69,provider_weighted_median,9,9,True,2026-08-25 05:50:59.133000+00:00,headline
2026-08-26,B200,6.69,provider_weighted_median,9,9,True,2026-08-26 05:53:20.861000+00:00,headline
2026-08-27,B200,6.4,provider_weighted_median,8,8,True,2026-08-27 16:33:59.366000+00:00,headline
2026-08-28,B200,6.69,provider_weighted_median,9,9,True,2026-08-28 17:28:43.828000+00:00,headline
2026-08-29,B200,6.69,provider_weighted_median,9,9,True,2026-08-29 11:41:18.646000+00:00,headline
2026-08-30,B200,6.69,provider_weighted_median,9,9,True,2026-08-30 10:30:59.657000+00:00,headline
2026-08-31,B200,6.69,provider_weighted_median,9,9,True,2026-08-31 11:39:40.287000+00:00,headline
2026-09-01,B200,6.4,provider_weighted_median,8,8,True,2026-09-01 10:12:24.064000+00:00,headline
2026-09-02,B200,6.69,provider_weighted_median,9,9,True,2026-09-02 09:42:27.563000+00:00,headline
2026-09-03,B200,6.11,provider_weighted_median,9,9,True,2026-09-03 09:55:21.456000+00:00,headline
2026-09-04,B200,6.055,provider_weighted_median,8,8,True,2026-09-04 09:43:31.951000+00:00,headline
2026-09-05,B200,6.055,provider_weighted_median,8,8,True,2026-09-05 09:08:54.025000+00:00,headline
2026-09-06,B200,6.055,provider_weighted_median,8,8,True,2026-09-06 09:30:21.997000+00:00,headline
2026-09-07,B200,6.055,provider_weighted_median,8,8,True,2026-09-07 10:27:52.459000+00:00,headline
2026-09-08,B200,6.055,provider_weighted_median,8,8,True,2026-09-08 09:48:30.289000+00:00,headline
2026-09-09,B200,6.11,provider_weighted_median,9,9,True,2026-09-09 09:51:47.412000+00:00,headline
2026-09-10,B200,6.11,provider_weighted_median,9,9,True,2026-09-10 09:49:41.435000+00:00,headline
2026-09-11,B200,6.11,provider_weighted_median,9,9,True,2026-09-11 09:49:20.059000+00:00,headline
2026-09-12,B200,6.11,provider_weighted_median,9,9,True,2026-09-12 09:25:55.368000+00:00,headline
2026-09-13,B200,6.11,provider_weighted_median,9,9,True,2026-09-13 12:08:08.547000+00:00,headline
2026-09-14,B200,6.116,provider_weighted_median,8,8,True,2026-09-14 10:46:17.160000+00:00,headline
2026-09-15,B200,6.147,provider_weighted_median,8,8,True,2026-09-15 10:09:35.506000+00:00,headline
2026-09-16,B200,6.1785,provider_weighted_median,8,8,True,2026-09-16 10:01:56.062000+00:00,headline
2026-09-17,B200,6.2105,provider_weighted_median,8,8,True,2026-09-17 10:04:46.667000+00:00,headline
2026-09-18,B200,6.421,provider_weighted_median,9,9,True,2026-09-18 09:52:09.291000+00:00,headline
2026-09-19,B200,6.2425,provider_weighted_median,8,8,True,2026-09-19 09:35:33.580000+00:00,headline
2026-09-20,B200,6.485,provider_weighted_median,9,9,True,2026-09-20 09:52:01.828000+00:00,headline
2026-09-21,B200,6.485,provider_weighted_median,9,9,True,2026-09-21 10:49:19.569000+00:00,headline
2026-09-22,B200,6.55,provider_weighted_median,9,9,True,2026-09-22 10:04:42.770000+00:00,headline
2026-09-23,B200,6.616,provider_weighted_median,9,9,True,2026-09-23 10:05:21.802000+00:00,headline
2026-09-24,B200,6.682,provider_weighted_median,9,9,True,2026-09-24 10:09:39.953000+00:00,headline
2026-09-25,B200,6.69,provider_weighted_median,9,9,True,2026-09-25 10:16:09.059000+00:00,headline
2026-09-26,B200,6.69,provider_weighted_median,9,9,True,2026-09-26 09:56:39.573000+00:00,headline
2026-09-27,B200,6.69,provider_weighted_median,9,9,True,2026-09-27 10:36:24.275000+00:00,headline
2026-09-28,B200,6.69,provider_weighted_median,9,9,True,2026-09-28 05:20:05.205000+00:00,headline
2026-09-29,B200,6.69,provider_weighted_median,9,9,True,2026-09-29 05:20:04.794000+00:00,headline
2026-09-30,B200,6.69,provider_weighted_median,9,9,True,2026-09-30 06:31:25.554000+00:00,headline
2026-10-01,B200,6.69,provider_weighted_median,9,9,True,2026-10-01 06:24:27.779000+00:00,headline
2026-10-02,B200,6.69,provider_weighted_median,9,9,True,2026-10-02 06:18:05.340000+00:00,headline
2026-10-03,B200,7.057,provider_weighted_median,12,9,True,2026-10-03 06:20:01.722000+00:00,headline
2026-10-04,B200,6.84,provider_weighted_median,20,11,True,2026-10-04 21:01:56.635000+00:00,headline
2026-10-05,B200,6.25,provider_weighted_median,14,11,True,2026-10-05 18:35:49.580239+00:00,headline
2026-10-06,B200,6.470000000000001,provider_weighted_median,20,12,True,2026-10-06 17:43:44.376020+00:00,headline
2026-10-07,B200,6.470000000000001,provider_weighted_median,15,12,True,2026-10-07 08:47:04.512000+00:00,headline
2026-10-08,B200,6.470000000000001,provider_weighted_median,15,12,True,2026-10-08 08:47:04.169000+00:00,headline
2026-10-09,B200,7.165,provider_weighted_median,12,8,True,2026-10-09 03:03:43.374998+00:00,headline
2026-08-18,H100,3.17,provider_weighted_median|panel19,24,19,True,2026-08-18 05:48:43.437000+00:00,history_panel
2026-08-19,H100,3.17,provider_weighted_median|panel19,24,19,True,2026-08-19 05:49:55.675000+00:00,history_panel
2026-08-20,H100,3.17,provider_weighted_median|panel19,24,19,True,2026-08-20 05:50:08.033000+00:00,history_panel
2026-08-21,H100,3.25,provider_weighted_median|panel19,24,19,True,2026-08-21 05:50:59.882000+00:00,history_panel
2026-08-22,H100,3.1950000000000003,provider_weighted_median|panel19,24,19,True,2026-08-22 06:21:50.801000+00:00,history_panel
2026-08-23,H100,3.1950000000000003,provider_weighted_median|panel19,24,19,True,2026-08-23 05:49:08.666000+00:00,history_panel
2026-08-24,H100,3.2,provider_weighted_median|panel19,24,19,True,2026-08-24 05:56:48.355000+00:00,history_panel
2026-08-25,H100,3.2,provider_weighted_median|panel19,24,19,True,2026-08-25 05:50:59.133000+00:00,history_panel
2026-08-26,H100,3.2,provider_weighted_median|panel19,24,19,True,2026-08-26 05:53:20.861000+00:00,history_panel
2026-08-27,H100,3.2,provider_weighted_median|panel19,24,19,True,2026-08-27 16:33:59.366000+00:00,history_panel
2026-08-28,H100,3.2,provider_weighted_median|panel19,24,19,True,2026-08-28 17:28:43.828000+00:00,history_panel
2026-08-29,H100,3.2,provider_weighted_median|panel19,24,19,True,2026-08-29 11:41:18.646000+00:00,history_panel
2026-08-30,H100,3.2,provider_weighted_median|panel19,24,19,True,2026-08-30 10:30:59.657000+00:00,history_panel
2026-08-31,H100,3.2,provider_weighted_median|panel19,24,19,True,2026-08-31 11:39:40.287000+00:00,history_panel
2026-09-01,H100,3.2,provider_weighted_median|panel19,23,19,True,2026-09-01 10:12:24.064000+00:00,history_panel
2026-09-02,H100,3.2,provider_weighted_median|panel19,23,19,True,2026-09-02 09:42:27.563000+00:00,history_panel
2026-09-03,H100,3.095,provider_weighted_median|panel19,23,19,True,2026-09-03 09:55:21.456000+00:00,history_panel
2026-09-04,H100,3.095,provider_weighted_median|panel19,23,19,True,2026-09-04 09:43:31.951000+00:00,history_panel
2026-09-05,H100,3.095,provider_weighted_median|panel19,23,19,True,2026-09-05 09:08:54.025000+00:00,history_panel
2026-09-06,H100,3.095,provider_weighted_median|panel19,23,19,True,2026-09-06 09:30:21.997000+00:00,history_panel
2026-09-07,H100,3.095,provider_weighted_median|panel19,23,19,True,2026-09-07 10:27:52.459000+00:00,history_panel
2026-09-08,H100,3.095,provider_weighted_median|panel19,23,19,True,2026-09-08 09:48:30.289000+00:00,history_panel
2026-09-09,H100,3.095,provider_weighted_median|panel19,24,19,True,2026-09-09 09:51:47.412000+00:00,history_panel
2026-09-10,H100,3.095,provider_weighted_median|panel19,24,19,True,2026-09-10 09:49:41.435000+00:00,history_panel
2026-09-11,H100,3.095,provider_weighted_median|panel19,24,19,True,2026-09-11 09:49:20.059000+00:00,history_panel
2026-09-12,H100,3.095,provider_weighted_median|panel19,24,19,True,2026-09-12 09:25:55.368000+00:00,history_panel
2026-09-13,H100,3.095,provider_weighted_median|panel19,24,19,True,2026-09-13 12:08:08.547000+00:00,history_panel
2026-09-14,H100,3.095,provider_weighted_median|panel19,24,19,True,2026-09-14 10:46:17.160000+00:00,history_panel
2026-09-15,H100,3.095,provider_weighted_median|panel19,24,19,True,2026-09-15 10:09:35.506000+00:00,history_panel
2026-09-16,H100,3.095,provider_weighted_median|panel19,24,19,True,2026-09-16 10:01:56.062000+00:00,history_panel
2026-09-17,H100,3.095,provider_weighted_median|panel19,24,19,True,2026-09-17 10:04:46.667000+00:00,history_panel
2026-09-18,H100,3.095,provider_weighted_median|panel19,24,19,True,2026-09-18 09:52:09.291000+00:00,history_panel
2026-09-19,H100,3.095,provider_weighted_median|panel19,24,19,True,2026-09-19 09:35:33.580000+00:00,history_panel
2026-09-20,H100,3.095,provider_weighted_median|panel19,24,19,True,2026-09-20 09:52:01.828000+00:00,history_panel
2026-09-21,H100,3.095,provider_weighted_median|panel19,24,19,True,2026-09-21 10:49:19.569000+00:00,history_panel
2026-09-22,H100,3.095,provider_weighted_median|panel19,24,19,True,2026-09-22 10:04:42.770000+00:00,history_panel
2026-09-23,H100,3.095,provider_weighted_median|panel19,24,19,True,2026-09-23 10:05:21.802000+00:00,history_panel
2026-09-24,H100,3.095,provider_weighted_median|panel19,24,19,True,2026-09-24 10:09:39.953000+00:00,history_panel
2026-09-25,H100,3.095,provider_weighted_median|panel19,24,19,True,2026-09-25 10:16:09.059000+00:00,history_panel
2026-09-26,H100,3.095,provider_weighted_median|panel19,24,19,True,2026-09-26 09:56:39.573000+00:00,history_panel
2026-09-27,H100,3.095,provider_weighted_median|panel19,24,19,True,2026-09-27 10:36:24.275000+00:00,history_panel
2026-09-28,H100,3.095,provider_weighted_median|panel19,24,19,True,2026-09-28 05:20:05.205000+00:00,history_panel
2026-09-29,H100,3.095,provider_weighted_median|panel19,24,19,True,2026-09-29 05:20:04.794000+00:00,history_panel
2026-09-30,H100,3.17,provider_weighted_median|panel19,24,19,True,2026-09-30 06:31:25.554000+00:00,history_panel
2026-10-01,H100,3.17,provider_weighted_median|panel19,24,19,True,2026-10-01 06:24:27.779000+00:00,history_panel
2026-10-02,H100,3.17,provider_weighted_median|panel19,24,19,True,2026-10-02 06:18:05.340000+00:00,history_panel
2026-10-03,H100,3.2088,provider_weighted_median|panel19,27,18,True,2026-10-03 06:20:01.722000+00:00,history_panel
2026-10-04,H100,3.2088,provider_weighted_median|panel19,27,18,True,2026-10-04 21:01:56.635000+00:00,history_panel
2026-10-05,H100,3.2088,provider_weighted_median|panel19,27,18,True,2026-10-05 08:47:04.448000+00:00,history_panel
2026-10-06,H100,3.2058,provider_weighted_median|panel19,54,18,True,2026-10-06 08:47:04.503000+00:00,history_panel
2026-10-07,H100,3.2151500000000004,provider_weighted_median|panel19,27,18,True,2026-10-07 08:47:04.512000+00:00,history_panel
2026-10-08,H100,3.20195,provider_weighted_median|panel19,27,18,True,2026-10-08 08:47:04.169000+00:00,history_panel
2026-08-18,B200,6.4,provider_weighted_median|panel8,8,8,True,2026-08-18 05:48:43.437000+00:00,history_panel
2026-08-19,B200,6.4,provider_weighted_median|panel8,8,8,True,2026-08-19 05:49:55.675000+00:00,history_panel
2026-08-20,B200,6.4,provider_weighted_median|panel8,8,8,True,2026-08-20 05:50:08.033000+00:00,history_panel
2026-08-21,B200,6.4,provider_weighted_median|panel8,8,8,True,2026-08-21 05:50:59.882000+00:00,history_panel
2026-08-22,B200,6.4,provider_weighted_median|panel8,8,8,True,2026-08-22 06:21:50.801000+00:00,history_panel
2026-08-23,B200,6.4,provider_weighted_median|panel8,8,8,True,2026-08-23 05:49:08.666000+00:00,history_panel
2026-08-24,B200,6.4,provider_weighted_median|panel8,8,8,True,2026-08-24 05:56:48.355000+00:00,history_panel
2026-08-25,B200,6.4,provider_weighted_median|panel8,8,8,True,2026-08-25 05:50:59.133000+00:00,history_panel
2026-08-26,B200,6.4,provider_weighted_median|panel8,8,8,True,2026-08-26 05:53:20.861000+00:00,history_panel
2026-08-27,B200,6.4,provider_weighted_median|panel8,8,8,True,2026-08-27 16:33:59.366000+00:00,history_panel
2026-08-28,B200,6.4,provider_weighted_median|panel8,8,8,True,2026-08-28 17:28:43.828000+00:00,history_panel
2026-08-29,B200,6.4,provider_weighted_median|panel8,8,8,True,2026-08-29 11:41:18.646000+00:00,history_panel
2026-08-30,B200,6.4,provider_weighted_median|panel8,8,8,True,2026-08-30 10:30:59.657000+00:00,history_panel
2026-08-31,B200,6.4,provider_weighted_median|panel8,8,8,True,2026-08-31 11:39:40.287000+00:00,history_panel
2026-09-01,B200,6.4,provider_weighted_median|panel8,8,8,True,2026-09-01 10:12:24.064000+00:00,history_panel
2026-09-02,B200,6.4,provider_weighted_median|panel8,8,8,True,2026-09-02 09:42:27.563000+00:00,history_panel
2026-09-03,B200,6.055,provider_weighted_median|panel8,8,8,True,2026-09-03 09:55:21.456000+00:00,history_panel
2026-09-04,B200,6.055,provider_weighted_median|panel8,8,8,True,2026-09-04 09:43:31.951000+00:00,history_panel
2026-09-05,B200,6.055,provider_weighted_median|panel8,8,8,True,2026-09-05 09:08:54.025000+00:00,history_panel
2026-09-06,B200,6.055,provider_weighted_median|panel8,8,8,True,2026-09-06 09:30:21.997000+00:00,history_panel
2026-09-07,B200,6.055,provider_weighted_median|panel8,8,8,True,2026-09-07 10:27:52.459000+00:00,history_panel
2026-09-08,B200,6.055,provider_weighted_median|panel8,8,8,True,2026-09-08 09:48:30.289000+00:00,history_panel
2026-09-09,B200,6.055,provider_weighted_median|panel8,8,8,True,2026-09-09 09:51:47.412000+00:00,history_panel
2026-09-10,B200,6.055,provider_weighted_median|panel8,8,8,True,2026-09-10 09:49:41.435000+00:00,history_panel
2026-09-11,B200,6.055,provider_weighted_median|panel8,8,8,True,2026-09-11 09:49:20.059000+00:00,history_panel
2026-09-12,B200,6.055,provider_weighted_median|panel8,8,8,True,2026-09-12 09:25:55.368000+00:00,history_panel
2026-09-13,B200,6.055,provider_weighted_median|panel8,8,8,True,2026-09-13 12:08:08.547000+00:00,history_panel
2026-09-14,B200,6.116,provider_weighted_median|panel8,8,8,True,2026-09-14 10:46:17.160000+00:00,history_panel
2026-09-15,B200,6.147,provider_weighted_median|panel8,8,8,True,2026-09-15 10:09:35.506000+00:00,history_panel
2026-09-16,B200,6.1785,provider_weighted_median|panel8,8,8,True,2026-09-16 10:01:56.062000+00:00,history_panel
2026-09-17,B200,6.2105,provider_weighted_median|panel8,8,8,True,2026-09-17 10:04:46.667000+00:00,history_panel
2026-09-18,B200,6.2105,provider_weighted_median|panel8,8,8,True,2026-09-18 09:52:09.291000+00:00,history_panel
2026-09-19,B200,6.2425,provider_weighted_median|panel8,8,8,True,2026-09-19 09:35:33.580000+00:00,history_panel
2026-09-20,B200,6.2425,provider_weighted_median|panel8,8,8,True,2026-09-20 09:52:01.828000+00:00,history_panel
2026-09-21,B200,6.2425,provider_weighted_median|panel8,8,8,True,2026-09-21 10:49:19.569000+00:00,history_panel
2026-09-22,B200,6.275,provider_weighted_median|panel8,8,8,True,2026-09-22 10:04:42.770000+00:00,history_panel
2026-09-23,B200,6.308,provider_weighted_median|panel8,8,8,True,2026-09-23 10:05:21.802000+00:00,history_panel
2026-09-24,B200,6.341,provider_weighted_median|panel8,8,8,True,2026-09-24 10:09:39.953000+00:00,history_panel
2026-09-25,B200,6.345000000000001,provider_weighted_median|panel8,8,8,True,2026-09-25 10:16:09.059000+00:00,history_panel
2026-09-26,B200,6.345000000000001,provider_weighted_median|panel8,8,8,True,2026-09-26 09:56:39.573000+00:00,history_panel
2026-09-27,B200,6.345000000000001,provider_weighted_median|panel8,8,8,True,2026-09-27 10:36:24.275000+00:00,history_panel
2026-09-28,B200,6.345000000000001,provider_weighted_median|panel8,8,8,True,2026-09-28 05:20:05.205000+00:00,history_panel
2026-09-29,B200,6.345000000000001,provider_weighted_median|panel8,8,8,True,2026-09-29 05:20:04.794000+00:00,history_panel
2026-09-30,B200,6.345000000000001,provider_weighted_median|panel8,8,8,True,2026-09-30 06:31:25.554000+00:00,history_panel
2026-10-01,B200,6.345000000000001,provider_weighted_median|panel8,8,8,True,2026-10-01 06:24:27.779000+00:00,history_panel
2026-10-02,B200,6.345000000000001,provider_weighted_median|panel8,8,8,True,2026-10-02 06:18:05.340000+00:00,history_panel
2026-10-03,B200,7.0235,provider_weighted_median|panel8,11,8,True,2026-10-03 06:20:01.722000+00:00,history_panel
2026-10-04,B200,7.041,provider_weighted_median|panel8,11,8,True,2026-10-04 21:01:56.635000+00:00,history_panel
2026-10-05,B200,7.041,provider_weighted_median|panel8,11,8,True,2026-10-05 08:47:04.448000+00:00,history_panel
2026-10-06,B200,7.0585,provider_weighted_median|panel8,22,8,True,2026-10-06 08:47:04.503000+00:00,history_panel
2026-10-07,B200,7.094,provider_weighted_median|panel8,11,8,True,2026-10-07 08:47:04.512000+00:00,history_panel
2026-10-08,B200,7.13,provider_weighted_median|panel8,11,8,True,2026-10-08 08:47:04.169000+00:00,history_panel
