session,asof_h100,asof_b200,level_h100,disp_h100,avail_h100,level_b200,disp_b200,avail_b200
2026-08-20,2026-08-19,2026-08-19,0.000000,-0.001890,0.000000,0.000000,0.000000,0.000000
2026-08-21,2026-08-20,2026-08-20,0.000000,-0.007491,0.000000,0.000000,0.000000,0.000000
2026-08-24,2026-08-23,2026-08-23,0.007855,-0.079714,0.000000,0.000000,0.000000,0.000000
2026-08-25,2026-08-24,2026-08-24,0.001564,0.000000,0.000000,0.000000,0.000000,0.000000
2026-08-26,2026-08-25,2026-08-25,0.000000,0.038270,0.000000,0.000000,0.000000,0.000000
2026-08-27,2026-08-26,2026-08-26,0.000000,-0.001890,0.000000,0.000000,0.000000,0.000000
2026-08-28,2026-08-27,2026-08-27,0.000000,-0.036380,0.000000,0.000000,0.000000,0.000000
2026-08-31,2026-08-30,2026-08-30,0.000000,0.000000,0.000000,0.000000,0.000000,0.000000
2026-09-01,2026-08-31,2026-08-31,0.000000,0.036380,0.000000,0.000000,0.000000,0.000000
2026-09-02,2026-09-01,2026-09-01,0.000000,0.000000,-0.042560,0.000000,0.000000,0.000000
2026-09-03,2026-09-02,2026-09-02,0.000000,0.000000,0.000000,0.000000,0.000000,0.000000
2026-09-04,2026-09-03,2026-09-03,-0.033363,-0.015755,0.000000,-0.055414,0.203587,0.000000
2026-09-08,2026-09-07,2026-09-07,0.000000,0.001890,0.000000,0.000000,0.000000,0.000000
2026-09-09,2026-09-08,2026-09-08,0.000000,0.000000,0.000000,0.000000,0.000000,0.000000
2026-09-10,2026-09-09,2026-09-09,0.000000,0.021582,0.042560,0.000000,0.000000,0.000000
2026-09-11,2026-09-10,2026-09-10,0.000000,0.001624,0.000000,0.000000,0.000000,0.000000
2026-09-14,2026-09-13,2026-09-13,0.000000,0.047158,0.000000,0.000000,0.000000,0.000000
2026-09-15,2026-09-14,2026-09-14,0.000000,-0.049743,0.000000,0.010024,0.000000,0.000000
2026-09-16,2026-09-15,2026-09-15,0.000000,-0.001769,0.000000,0.005056,0.000000,0.000000
2026-09-17,2026-09-16,2026-09-16,0.000000,-0.009896,0.000000,0.005111,0.000000,0.000000
2026-09-18,2026-09-17,2026-09-17,0.000000,0.007405,0.000000,0.005166,0.000000,0.000000
2026-09-21,2026-09-20,2026-09-20,0.000000,-0.010842,0.000000,0.005139,0.000000,0.000000
2026-09-22,2026-09-21,2026-09-21,0.000000,0.007491,0.000000,0.000000,0.000000,0.000000
2026-09-23,2026-09-22,2026-09-22,0.000000,-0.006182,0.000000,0.005193,0.000000,0.000000
2026-09-24,2026-09-23,2026-09-23,0.000000,-0.001179,0.000000,0.005245,0.000000,0.000000
2026-09-25,2026-09-24,2026-09-24,0.000000,0.005218,0.000000,0.005218,0.000000,0.000000
2026-09-28,2026-09-27,2026-09-27,0.000000,0.010906,0.000000,0.000631,0.013994,0.000000
2026-09-29,2026-09-28,2026-09-28,0.000000,0.003057,0.000000,0.000000,0.003732,0.000000
2026-09-30,2026-09-29,2026-09-29,0.000000,0.000000,0.000000,0.000000,0.000000,0.000000
2026-10-01,2026-09-30,2026-09-30,0.023944,0.006928,0.000000,0.000000,0.003713,0.000000
2026-10-02,2026-10-01,2026-10-01,0.000000,0.003097,0.000000,0.000000,0.046934,0.000000
2026-10-05,2026-10-04,2026-10-04,0.012165,0.026369,0.117783,0.104083,-0.160820,0.318454
2026-10-06,2026-10-05,2026-10-05,0.000000,0.002836,0.000000,0.000000,0.000000,0.000000
2026-10-07,2026-10-06,2026-10-06,-0.000935,-0.002836,0.693147,0.002482,0.000000,0.693147
