day,gpu,n_pools,median_usd_per_gpu_hour,iqr_log_price
2024-10-01,A100,8,1.351012,0.223940
2024-10-01,H100,4,4.227963,0.248853
2024-10-02,A100,8,1.321069,0.228969
2024-10-02,H100,4,4.113512,0.282417
2024-10-03,A100,8,1.342894,0.233848
2024-10-03,H100,4,3.999850,0.341192
2024-10-04,A100,8,1.347400,0.248846
2024-10-04,H100,4,3.906850,0.374209
2024-10-05,A100,8,1.351619,0.237913
2024-10-05,H100,4,3.843244,0.418667
2024-10-06,A100,8,1.357506,0.221255
2024-10-06,H100,4,3.838175,0.449207
2024-10-07,A100,8,1.339544,0.228580
2024-10-07,H100,4,3.844550,0.462386
2024-10-08,A100,8,1.273238,0.226240
2024-10-08,H100,4,3.837063,0.478153
2024-10-09,A100,8,1.239575,0.233984
2024-10-09,H100,4,3.781006,0.502738
2024-10-10,A100,8,1.221337,0.236609
2024-10-10,H100,4,3.794963,0.531095
2024-10-11,A100,8,1.221337,0.238953
2024-10-11,H100,4,3.767781,0.547745
2024-10-12,A100,8,1.228712,0.252503
2024-10-12,H100,4,3.748000,0.575062
2024-10-13,A100,8,1.240900,0.256397
2024-10-13,H100,4,3.737225,0.589718
2024-10-14,A100,8,1.286425,0.254267
2024-10-14,H100,4,3.671756,0.572339
2024-10-15,A100,8,1.311550,0.270325
2024-10-15,H100,4,3.656431,0.565608
2024-10-16,A100,8,1.342919,0.272210
2024-10-16,H100,4,3.720981,0.567758
2024-10-17,A100,8,1.392181,0.258492
2024-10-17,H100,4,3.783219,0.553479
2024-10-18,A100,8,1.421206,0.232860
2024-10-18,H100,4,3.808725,0.526367
2024-10-19,A100,8,1.453450,0.211277
2024-10-19,H100,4,3.799206,0.512111
2024-10-20,A100,8,1.440594,0.251374
2024-10-20,H100,4,3.851163,0.491726
2024-10-21,A100,8,1.399250,0.331105
2024-10-21,H100,4,3.874669,0.458865
2024-10-22,A100,8,1.385669,0.400594
2024-10-22,H100,4,3.893781,0.454148
2024-10-23,A100,8,1.387200,0.405029
2024-10-23,H100,4,3.924869,0.431185
2024-10-24,A100,8,1.397256,0.406069
2024-10-24,H100,4,3.897994,0.404445
2024-10-25,A100,8,1.397494,0.418339
2024-10-25,H100,4,3.897925,0.400925
2024-10-26,A100,8,1.388637,0.461665
2024-10-26,H100,4,3.922313,0.397640
2024-10-27,A100,8,1.375369,0.468211
2024-10-27,H100,4,3.880113,0.416470
2024-10-28,A100,8,1.378075,0.468775
2024-10-28,H100,4,3.796319,0.447290
2024-10-29,A100,8,1.367556,0.434436
2024-10-29,H100,4,3.704575,0.500770
2024-10-30,A100,8,1.365200,0.394892
2024-10-30,H100,4,3.605869,0.558162
2024-10-31,A100,8,1.387012,0.398467
2024-10-31,H100,4,3.491719,0.611508
2024-11-01,A100,8,1.400044,0.415028
2024-11-01,H100,4,3.455019,0.661698
2024-11-02,A100,8,1.401100,0.424336
2024-11-02,H100,4,3.405119,0.699046
2024-11-03,A100,8,1.406806,0.408878
2024-11-03,H100,4,3.338756,0.721641
2024-11-04,A100,8,1.401412,0.404588
2024-11-04,H100,4,3.276631,0.753579
2024-11-05,A100,8,1.410287,0.405750
2024-11-05,H100,4,3.168669,0.806356
2024-11-06,A100,8,1.396987,0.397721
2024-11-06,H100,4,3.118469,0.835965
2024-11-07,A100,8,1.390225,0.388436
2024-11-07,H100,4,3.070306,0.859388
2024-11-08,A100,8,1.393506,0.390827
2024-11-08,H100,4,3.029306,0.879521
2024-11-09,A100,8,1.394694,0.380953
2024-11-09,H100,4,3.013987,0.931251
2024-11-10,A100,8,1.407750,0.361560
2024-11-10,H100,4,2.963000,0.989587
2024-11-11,A100,8,1.411381,0.336130
2024-11-11,H100,4,2.949556,1.036712
2024-11-12,A100,8,1.420006,0.313788
2024-11-12,H100,4,2.941987,1.082475
2024-11-13,A100,8,1.421700,0.311017
2024-11-13,H100,4,2.879981,1.115403
2024-11-14,A100,8,1.392544,0.308674
2024-11-14,H100,4,2.873550,1.146670
2024-11-15,A100,8,1.358419,0.304571
2024-11-15,H100,4,2.834763,1.199470
2024-11-16,A100,8,1.332406,0.270233
2024-11-16,H100,4,2.798500,1.257205
2024-11-17,A100,8,1.325150,0.243858
2024-11-17,H100,4,2.785850,1.275376
2024-11-18,A100,8,1.324881,0.272922
2024-11-18,H100,4,2.775012,1.302264
2024-11-19,A100,8,1.304531,0.320079
2024-11-19,H100,4,2.773887,1.320798
2024-11-20,A100,8,1.313912,0.352553
2024-11-20,H100,4,2.762488,1.325254
2024-11-21,A100,8,1.300644,0.391812
2024-11-21,H100,4,2.734506,1.322203
2024-11-22,A100,8,1.297931,0.435637
2024-11-22,H100,4,2.745500,1.328531
2024-11-23,A100,8,1.301456,0.449629
2024-11-23,H100,4,2.767694,1.340199
2024-11-24,A100,8,1.305606,0.439464
2024-11-24,H100,4,2.756912,1.324387
2024-11-25,A100,8,1.311606,0.384888
2024-11-25,H100,5,1.229000,1.209586
2024-11-26,A100,8,1.316775,0.374678
2024-11-26,H100,5,1.241013,1.202835
2024-11-27,A100,8,1.317031,0.321408
2024-11-27,H100,5,1.263500,1.186105
2024-11-28,A100,8,1.327506,0.298606
2024-11-28,H100,5,1.311750,1.133883
2024-11-29,A100,8,1.372894,0.272761
2024-11-29,H100,5,1.384325,1.117820
2024-11-30,A100,8,1.322169,0.263125
2024-11-30,H100,5,1.401163,1.085952
2024-12-01,A100,8,1.249450,0.273246
2024-12-01,H100,5,1.488063,1.036462
2024-12-02,A100,8,1.212219,0.299099
2024-12-02,H100,5,1.579825,0.959383
2024-12-03,A100,8,1.200731,0.347705
2024-12-03,H100,5,1.622213,0.917289
2024-12-04,A100,8,1.221331,0.351038
2024-12-04,H100,5,1.717575,0.861597
2024-12-05,A100,8,1.226000,0.384996
2024-12-05,H100,5,1.786000,0.821670
2024-12-06,A100,8,1.237481,0.404484
2024-12-06,H100,5,1.884025,0.752169
2024-12-07,A100,8,1.265250,0.357350
2024-12-07,H100,5,1.974463,0.722095
2024-12-08,A100,8,1.343525,0.326003
2024-12-08,H100,5,2.123388,0.688037
2024-12-09,A100,8,1.394281,0.306703
2024-12-09,H100,5,2.278388,0.618624
2024-12-10,A100,8,1.426606,0.312887
2024-12-10,H100,5,2.365063,0.562133
2024-12-11,A100,8,1.468356,0.289375
2024-12-11,H100,5,2.494925,0.529975
2024-12-12,A100,8,1.512256,0.306553
2024-12-12,H100,5,2.645000,0.449493
2024-12-12,H200,3,1.061800,0.001419
2024-12-13,A100,8,1.589281,0.310556
2024-12-13,H100,5,2.755713,0.393751
2024-12-13,H200,3,1.083375,0.031222
2024-12-14,A100,8,1.657900,0.295285
2024-12-14,H100,5,2.872550,0.343076
2024-12-14,H200,3,1.142963,0.047923
2024-12-15,A100,8,1.703331,0.276191
2024-12-15,H100,5,3.028262,0.308061
2024-12-15,H200,3,1.183938,0.077690
2024-12-16,A100,8,1.728025,0.278126
2024-12-16,H100,5,3.136988,0.256273
2024-12-16,H200,3,1.266325,0.098811
2024-12-17,A100,8,1.648581,0.257547
2024-12-17,H100,5,3.211712,0.233213
2024-12-17,H200,3,1.328050,0.114155
2024-12-18,A100,8,1.572619,0.222958
2024-12-18,H100,5,3.374788,0.185485
2024-12-18,H200,3,1.371412,0.139824
2024-12-19,A100,8,1.551287,0.205484
2024-12-19,H100,6,3.497388,0.137855
2024-12-19,H200,3,1.421125,0.163607
2024-12-20,A100,8,1.518606,0.220159
2024-12-20,H100,6,3.606369,0.103143
2024-12-20,H200,3,1.501425,0.180167
2024-12-21,A100,8,1.520500,0.183445
2024-12-21,H100,6,3.745106,0.087451
2024-12-21,H200,3,1.536475,0.190045
2024-12-22,A100,8,1.514350,0.178360
2024-12-22,H100,6,3.862063,0.075612
2024-12-22,H200,3,1.580637,0.190040
2024-12-23,A100,8,1.506787,0.146196
2024-12-23,H100,6,3.944769,0.029328
2024-12-23,H200,3,1.640475,0.175905
2024-12-24,A100,8,1.502606,0.141474
2024-12-24,H100,6,3.951794,0.020492
2024-12-24,H200,3,1.752650,0.170759
2024-12-25,A100,8,1.523138,0.121245
2024-12-25,H100,6,3.987231,0.006550
2024-12-25,H200,3,1.826050,0.163308
2024-12-26,A100,8,1.528563,0.122523
2024-12-26,H100,6,4.062269,0.013527
2024-12-26,H200,3,1.902413,0.155315
2024-12-27,A100,8,1.539075,0.110301
2024-12-27,H100,6,4.082187,0.024780
2024-12-27,H200,3,1.953763,0.146523
2024-12-28,A100,8,1.537294,0.109129
2024-12-28,H100,6,4.111106,0.033987
2024-12-28,H200,3,2.038488,0.123453
2024-12-29,A100,8,1.538725,0.091948
2024-12-29,H100,6,4.133513,0.025474
2024-12-29,H200,3,2.093200,0.117717
2024-12-30,A100,8,1.531313,0.103560
2024-12-30,H100,6,4.126044,0.037226
2024-12-30,H200,3,2.135325,0.113997
2024-12-31,A100,8,1.534031,0.112500
2024-12-31,H100,6,4.139975,0.045568
2024-12-31,H200,3,2.191488,0.119056
2025-01-01,A100,8,1.548794,0.093053
2025-01-01,H100,6,4.177862,0.049273
2025-01-01,H200,3,2.241425,0.108576
2025-01-02,A100,8,1.567031,0.070506
2025-01-02,H100,6,4.255031,0.048515
2025-01-02,H200,3,2.312725,0.108777
2025-01-03,A100,8,1.585044,0.073963
2025-01-03,H100,6,4.273875,0.062030
2025-01-03,H200,3,2.386988,0.101961
2025-01-04,A100,8,1.584087,0.049727
2025-01-04,H100,6,4.305044,0.073614
2025-01-04,H200,3,2.435588,0.098975
2025-01-05,A100,8,1.555581,0.055122
2025-01-05,H100,6,4.338981,0.085473
2025-01-05,H200,3,2.498075,0.087709
2025-01-06,A100,8,1.561313,0.059019
2025-01-06,H100,6,4.356513,0.092456
2025-01-06,H200,3,2.569412,0.073892
2025-01-07,A100,8,1.573662,0.065972
2025-01-07,H100,6,4.337887,0.108296
2025-01-07,H200,3,2.596175,0.065352
2025-01-08,A100,8,1.566912,0.059668
2025-01-08,H100,6,4.347656,0.114542
2025-01-08,H200,3,2.620350,0.051063
2025-01-09,A100,8,1.556588,0.092570
2025-01-09,H100,6,4.336144,0.107385
2025-01-09,H200,3,2.606950,0.026481
2025-01-10,A100,8,1.562638,0.076120
2025-01-10,H100,6,4.339619,0.118619
2025-01-10,H200,3,2.677950,0.018793
2025-01-11,A100,8,1.555769,0.073534
2025-01-11,H100,6,4.350244,0.134980
2025-01-11,H200,3,2.733850,0.028962
2025-01-12,A100,8,1.565338,0.073952
2025-01-12,H100,6,4.389138,0.139779
2025-01-12,H200,3,2.742975,0.055716
2025-01-13,A100,8,1.559737,0.081264
2025-01-13,H100,6,4.388956,0.118243
2025-01-13,H200,3,2.757850,0.065715
2025-01-14,A100,8,1.558937,0.065711
2025-01-14,H100,6,4.373019,0.125877
2025-01-14,H200,3,2.801862,0.062427
2025-01-15,A100,8,1.552463,0.096441
2025-01-15,H100,6,4.329381,0.108686
2025-01-15,H200,3,2.849750,0.053955
2025-01-16,A100,8,1.539150,0.084779
2025-01-16,H100,6,4.325912,0.114672
2025-01-16,H200,5,2.740937,1.002404
2025-01-17,A100,8,1.521569,0.073042
2025-01-17,H100,6,4.316894,0.143107
2025-01-17,H200,5,2.738237,0.954014
2025-01-18,A100,8,1.513813,0.078594
2025-01-18,H100,6,4.301513,0.127112
2025-01-18,H200,5,2.774388,0.899904
2025-01-19,A100,8,1.505688,0.073026
2025-01-19,H100,6,4.281544,0.128491
2025-01-19,H200,5,2.766775,0.845996
2025-01-20,A100,8,1.495881,0.060529
2025-01-20,H100,6,4.261169,0.123324
2025-01-20,H200,5,2.803713,0.756921
2025-01-21,A100,8,1.492431,0.061099
2025-01-21,H100,6,4.166381,0.130835
2025-01-21,H200,5,2.791050,0.727365
2025-01-22,A100,8,1.488325,0.068653
2025-01-22,H100,6,4.186150,0.117698
2025-01-22,H200,5,2.769375,0.668066
2025-01-23,A100,8,1.456181,0.059616
2025-01-23,H100,6,4.237775,0.119875
2025-01-23,H200,5,2.745325,0.616385
2025-01-24,A100,8,1.456394,0.048123
2025-01-24,H100,6,4.237750,0.106124
2025-01-24,H200,5,2.660775,0.574362
2025-01-25,A100,8,1.430050,0.061968
2025-01-25,H100,6,4.173100,0.121326
2025-01-25,H200,5,2.572462,0.502638
2025-01-26,A100,8,1.419669,0.085826
2025-01-26,H100,6,4.180994,0.127428
2025-01-26,H200,5,2.418687,0.376558
2025-01-27,A100,8,1.375131,0.085152
2025-01-27,H100,6,4.118063,0.118284
2025-01-27,H200,5,2.336150,0.320797
2025-01-28,A100,8,1.303212,0.115770
2025-01-28,H100,6,4.049894,0.114817
2025-01-28,H200,5,2.251138,0.229443
2025-01-29,A100,8,1.268331,0.150505
2025-01-29,H100,6,4.023500,0.120166
2025-01-29,H200,5,2.098800,0.139864
2025-01-30,A100,8,1.266781,0.150612
2025-01-30,H100,6,3.967294,0.116051
2025-01-30,H200,5,2.126288,0.045843
2025-01-31,A100,8,1.262706,0.158089
2025-01-31,H100,13,2.739263,1.126126
2025-01-31,H200,5,2.089375,0.063492
2025-02-01,A100,8,1.267075,0.142181
2025-02-01,H100,13,2.622688,1.092832
2025-02-01,H200,5,2.109100,0.189948
2025-02-02,A100,8,1.292244,0.135409
2025-02-02,H100,13,2.450875,0.999725
2025-02-02,H200,5,2.196613,0.318041
2025-02-03,A100,8,1.284806,0.134431
2025-02-03,H100,14,2.275281,0.926452
2025-02-03,H200,5,2.242750,0.412665
2025-02-04,A100,8,1.273244,0.124911
2025-02-04,H100,14,2.236256,0.867999
2025-02-04,H200,5,2.293050,0.425380
2025-02-05,A100,8,1.263869,0.122673
2025-02-05,H100,14,2.207987,0.817992
2025-02-05,H200,5,2.398988,0.426187
2025-02-06,A100,8,1.251806,0.126376
2025-02-06,H100,14,2.165881,0.748608
2025-02-06,H200,5,2.531625,0.379899
2025-02-07,A100,8,1.263575,0.110691
2025-02-07,H100,14,2.218556,0.728428
2025-02-07,H200,5,2.695488,0.350559
2025-02-08,A100,8,1.253825,0.124340
2025-02-08,H100,14,2.188587,0.674934
2025-02-08,H200,5,2.763650,0.303942
2025-02-09,A100,8,1.274913,0.143178
2025-02-09,H100,14,2.270631,0.614525
2025-02-09,H200,5,2.903262,0.266253
2025-02-10,A100,8,1.260137,0.121755
2025-02-10,H100,14,2.284569,0.591505
2025-02-10,H200,5,2.873325,0.241515
2025-02-11,A100,8,1.264238,0.100856
2025-02-11,H100,14,2.276731,0.569227
2025-02-11,H200,5,2.875488,0.237945
2025-02-12,A100,8,1.227825,0.083405
2025-02-12,H100,14,2.282262,0.500952
2025-02-12,H200,5,2.776137,0.187298
2025-02-13,A100,8,1.214900,0.119761
2025-02-13,H100,14,2.422475,0.509169
2025-02-13,H200,5,2.715300,0.172654
2025-02-14,A100,8,1.213444,0.093741
2025-02-14,H100,14,2.608550,0.497697
2025-02-14,H200,5,2.679038,0.209827
2025-02-15,A100,8,1.225206,0.094126
2025-02-15,H100,14,2.684450,0.421619
2025-02-15,H200,5,2.614250,0.233069
2025-02-16,A100,8,1.253031,0.102092
2025-02-16,H100,14,2.634206,0.371514
2025-02-16,H200,5,2.550925,0.265931
2025-02-17,A100,8,1.235475,0.054780
2025-02-17,H100,14,2.584731,0.350497
2025-02-17,H200,5,2.410725,0.311011
2025-02-18,A100,8,1.246331,0.041470
2025-02-18,H100,14,2.641563,0.410889
2025-02-18,H200,5,2.330913,0.351933
2025-02-19,A100,8,1.263050,0.025365
2025-02-19,H100,14,2.766306,0.425625
2025-02-19,H200,5,2.200388,0.322550
2025-02-20,A100,8,1.265700,0.059580
2025-02-20,H100,14,2.903100,0.499867
2025-02-20,H200,5,2.075512,0.269337
2025-02-21,A100,8,1.271513,0.089476
2025-02-21,H100,14,3.019500,0.534352
2025-02-21,H200,5,2.060237,0.291108
2025-02-22,A100,8,1.269831,0.051062
2025-02-22,H100,14,3.114019,0.492104
2025-02-22,H200,5,2.078787,0.264972
2025-02-23,A100,8,1.252938,0.072083
2025-02-23,H100,14,3.349969,0.449304
2025-02-23,H200,5,2.174513,0.289439
2025-02-24,A100,8,1.240912,0.047383
2025-02-24,H100,14,3.539813,0.435948
2025-02-24,H200,5,2.272863,0.293490
2025-02-25,A100,8,1.211206,0.053924
2025-02-25,H100,14,3.686850,0.427770
2025-02-25,H200,5,2.262538,0.304220
2025-02-26,A100,8,1.215594,0.071944
2025-02-26,H100,14,3.735562,0.411000
2025-02-26,H200,5,2.215950,0.325268
2025-02-27,A100,8,1.222056,0.081095
2025-02-27,H100,14,3.859694,0.357220
2025-02-27,H200,5,2.221950,0.325712
2025-02-28,A100,8,1.223150,0.100410
2025-02-28,H100,14,3.949869,0.327703
2025-02-28,H200,5,2.271225,0.315327
2025-03-01,A100,8,1.218256,0.149492
2025-03-01,H100,14,3.961044,0.301071
2025-03-01,H200,5,2.299288,0.305545
2025-03-02,A100,8,1.222725,0.124933
2025-03-02,H100,14,3.945037,0.264636
2025-03-02,H200,5,2.299437,0.305773
2025-03-03,A100,8,1.216181,0.137352
2025-03-03,H100,14,3.973775,0.232651
2025-03-03,H200,5,2.287138,0.315499
2025-03-04,A100,8,1.188800,0.122894
2025-03-04,H100,14,3.985481,0.222794
2025-03-04,H200,5,2.321600,0.317487
2025-03-05,A100,8,1.136356,0.109859
2025-03-05,H100,14,3.956900,0.209266
2025-03-05,H200,5,2.426537,0.258517
2025-03-06,A100,8,1.123431,0.149395
2025-03-06,H100,14,4.005600,0.218508
2025-03-06,H200,5,2.339863,0.273988
2025-03-07,A100,8,1.122125,0.126797
2025-03-07,H100,14,4.072569,0.225472
2025-03-07,H200,5,2.240413,0.287317
2025-03-08,A100,8,1.161919,0.144610
2025-03-08,H100,14,4.091700,0.244101
2025-03-08,H200,5,2.250637,0.374181
2025-03-09,A100,8,1.176969,0.119825
2025-03-09,H100,14,4.037281,0.277929
2025-03-09,H200,5,2.302175,0.375079
2025-03-10,A100,8,1.191325,0.143645
2025-03-10,H100,14,4.078288,0.284180
2025-03-10,H200,5,2.358763,0.385951
2025-03-11,A100,8,1.201588,0.127713
2025-03-11,H100,14,4.028831,0.291828
2025-03-11,H200,5,2.356787,0.392274
2025-03-12,A100,8,1.205100,0.142806
2025-03-12,H100,14,3.996100,0.294248
2025-03-12,H200,5,2.378900,0.401962
2025-03-13,A100,8,1.212594,0.105271
2025-03-13,H100,14,3.878600,0.329151
2025-03-13,H200,5,2.388725,0.420687
2025-03-14,A100,8,1.239100,0.087517
2025-03-14,H100,14,3.821656,0.356611
2025-03-14,H200,5,2.331663,0.404049
2025-03-15,A100,8,1.238675,0.119693
2025-03-15,H100,14,3.656931,0.381137
2025-03-15,H200,5,2.168262,0.371480
2025-03-16,A100,8,1.311113,0.135901
2025-03-16,H100,14,3.640637,0.413768
2025-03-16,H200,5,2.174713,0.357179
2025-03-17,A100,8,1.337550,0.170555
2025-03-17,H100,14,3.623200,0.430586
2025-03-17,H200,5,2.209513,0.347196
2025-03-18,A100,8,1.312269,0.166014
2025-03-18,H100,14,3.506294,0.460065
2025-03-18,H200,5,2.193475,0.343162
2025-03-19,A100,8,1.306600,0.168756
2025-03-19,H100,14,3.440569,0.482342
2025-03-19,H200,5,2.193475,0.347043
2025-03-20,A100,8,1.308037,0.153168
2025-03-20,H100,14,3.390413,0.498580
2025-03-20,H200,5,2.151700,0.380334
2025-03-21,A100,8,1.310456,0.179125
2025-03-21,H100,14,3.382606,0.483733
2025-03-21,H200,5,2.102525,0.405857
2025-03-22,A100,8,1.295900,0.164328
2025-03-22,H100,14,3.343969,0.474444
2025-03-22,H200,5,2.073637,0.437475
2025-03-23,A100,8,1.236369,0.155232
2025-03-23,H100,14,3.302738,0.471704
2025-03-23,H200,5,2.037587,0.436654
2025-03-24,A100,8,1.204762,0.144661
2025-03-24,H100,14,3.271206,0.474112
2025-03-24,H200,5,1.986450,0.438337
2025-03-25,A100,8,1.200919,0.139960
2025-03-25,H100,14,3.240044,0.511318
2025-03-25,H200,5,1.958225,0.469607
2025-03-26,A100,8,1.206356,0.147308
2025-03-26,H100,14,3.231263,0.541473
2025-03-26,H200,6,1.910769,0.536579
2025-03-27,A100,8,1.210719,0.120822
2025-03-27,H100,14,3.220619,0.560364
2025-03-27,H200,6,1.871194,0.544155
2025-03-28,A100,8,1.223750,0.139419
2025-03-28,H100,14,3.201100,0.554239
2025-03-28,H200,6,1.841487,0.534217
2025-03-29,A100,8,1.223150,0.146179
2025-03-29,H100,14,3.143994,0.549160
2025-03-29,H200,6,1.804056,0.562688
2025-03-30,A100,8,1.247150,0.158056
2025-03-30,H100,14,3.201031,0.544569
2025-03-30,H200,6,1.768756,0.597524
2025-03-31,A100,8,1.231425,0.189382
2025-03-31,H100,14,3.246069,0.550877
2025-03-31,H200,6,1.729875,0.614583
2025-04-01,A100,8,1.235000,0.210961
2025-04-01,H100,14,3.227863,0.553230
2025-04-01,H200,7,1.645763,0.657188
2025-04-02,A100,8,1.260962,0.233057
2025-04-02,H100,14,3.239025,0.520660
2025-04-02,H200,7,1.595800,0.667558
2025-04-03,A100,8,1.269556,0.232727
2025-04-03,H100,14,3.245031,0.485488
2025-04-03,H200,7,1.600462,0.642093
2025-04-04,A100,8,1.293269,0.258502
2025-04-04,H100,14,3.246887,0.467780
2025-04-04,H200,7,1.540525,0.614120
2025-04-05,A100,8,1.290812,0.261569
2025-04-05,H100,14,3.263169,0.462967
2025-04-05,H200,7,1.515000,0.610710
2025-04-06,A100,8,1.309306,0.233148
2025-04-06,H100,14,3.287450,0.462380
2025-04-06,H200,7,1.488187,0.585954
2025-04-07,A100,8,1.326306,0.261096
2025-04-07,H100,14,3.272463,0.470930
2025-04-07,H200,7,1.442100,0.588064
2025-04-08,A100,8,1.343287,0.267208
2025-04-08,H100,14,3.228569,0.487306
2025-04-08,H200,7,1.458900,0.578784
2025-04-09,A100,8,1.314725,0.263437
2025-04-09,H100,14,3.204850,0.490677
2025-04-09,H200,7,1.533550,0.588224
2025-04-10,A100,8,1.252369,0.256134
2025-04-10,H100,14,3.173981,0.465207
2025-04-10,H200,7,1.570650,0.579809
2025-04-11,A100,8,1.212712,0.255856
2025-04-11,H100,14,3.132306,0.474331
2025-04-11,H200,7,1.542825,0.613339
2025-04-12,A100,8,1.208756,0.267694
2025-04-12,H100,14,3.106506,0.477165
2025-04-12,H200,7,1.489200,0.670520
2025-04-13,A100,8,1.199475,0.263354
2025-04-13,H100,14,3.094550,0.491048
2025-04-13,H200,7,1.448713,0.699413
2025-04-14,A100,8,1.198831,0.210151
2025-04-14,H100,14,3.095119,0.482888
2025-04-14,H200,7,1.413738,0.763739
2025-04-15,A100,8,1.178531,0.208290
2025-04-15,H100,14,3.077888,0.493592
2025-04-15,H200,7,1.334525,0.815248
2025-04-16,A100,8,1.163819,0.204317
2025-04-16,H100,14,3.118331,0.512015
2025-04-16,H200,7,1.244287,0.864083
2025-04-17,A100,8,1.173894,0.180924
2025-04-17,H100,14,3.115938,0.535198
2025-04-17,H200,7,1.183750,0.885217
2025-04-18,A100,8,1.202587,0.145805
2025-04-18,H100,14,3.171606,0.499671
2025-04-18,H200,7,1.136850,0.905822
2025-04-19,A100,8,1.218044,0.155687
2025-04-19,H100,14,3.326500,0.463327
2025-04-19,H200,7,1.119450,0.927668
2025-04-20,A100,8,1.243275,0.160118
2025-04-20,H100,14,3.395550,0.429475
2025-04-20,H200,7,1.168587,0.968399
2025-04-21,A100,8,1.269338,0.144337
2025-04-21,H100,14,3.465056,0.427154
2025-04-21,H200,7,1.270438,0.997703
2025-04-22,A100,8,1.285213,0.177337
2025-04-22,H100,14,3.479775,0.377368
2025-04-22,H200,7,1.318088,0.966253
2025-04-23,A100,8,1.273931,0.181450
2025-04-23,H100,14,3.490362,0.343619
2025-04-23,H200,7,1.379275,0.951349
2025-04-24,A100,8,1.261925,0.189708
2025-04-24,H100,14,3.457288,0.297678
2025-04-24,H200,7,1.446238,0.930218
2025-04-25,A100,8,1.259675,0.210186
2025-04-25,H100,14,3.391587,0.256668
2025-04-25,H200,7,1.533750,0.923069
2025-04-26,A100,8,1.258275,0.248472
2025-04-26,H100,14,3.389762,0.226311
2025-04-26,H200,7,1.585525,0.891255
2025-04-27,A100,8,1.246700,0.271439
2025-04-27,H100,14,3.362013,0.213897
2025-04-27,H200,7,1.643275,0.883932
2025-04-28,A100,13,0.640062,0.917023
2025-04-28,H100,14,3.393369,0.210722
2025-04-28,H200,7,1.605625,0.876997
2025-04-29,A100,13,0.624075,0.871034
2025-04-29,H100,14,3.457562,0.214703
2025-04-29,H200,7,1.674300,0.839392
2025-04-30,A100,13,0.650725,0.827311
2025-04-30,H100,14,3.512350,0.221764
2025-04-30,H200,10,1.401194,0.656449
2025-05-01,A100,13,0.687113,0.790854
2025-05-01,H100,14,3.408469,0.251231
2025-05-01,H200,10,1.460612,0.652545
2025-05-02,A100,13,0.711437,0.755808
2025-05-02,H100,14,3.364263,0.258108
2025-05-02,H200,10,1.526650,0.620587
2025-05-03,A100,13,0.741463,0.725506
2025-05-03,H100,14,3.390962,0.251533
2025-05-03,H200,10,1.575887,0.587243
2025-05-04,A100,13,0.777212,0.657473
2025-05-04,H100,14,3.412706,0.260304
2025-05-04,H200,10,1.645863,0.604526
2025-05-05,A100,13,0.804800,0.583194
2025-05-05,H100,14,3.389613,0.288492
2025-05-05,H200,10,1.713388,0.587828
2025-05-06,A100,13,0.825612,0.527988
2025-05-06,H100,14,3.384638,0.348356
2025-05-06,H200,10,1.766456,0.570492
2025-05-07,A100,13,0.841175,0.497894
2025-05-07,H100,14,3.393013,0.380951
2025-05-07,H200,10,1.830213,0.552865
2025-05-08,A100,13,0.801863,0.447757
2025-05-08,H100,14,3.385825,0.439187
2025-05-08,H200,10,1.914937,0.536260
2025-05-09,A100,13,0.851725,0.411273
2025-05-09,H100,14,3.388169,0.479685
2025-05-09,H200,10,1.949981,0.498392
2025-05-10,A100,13,0.876112,0.419920
2025-05-10,H100,14,3.373056,0.520373
2025-05-10,H200,10,1.987912,0.468148
2025-05-11,A100,13,0.932400,0.397060
2025-05-11,H100,14,3.356719,0.500418
2025-05-11,H200,10,2.053619,0.469464
2025-05-12,A100,13,0.903850,0.338637
2025-05-12,H100,14,3.344869,0.469538
2025-05-12,H200,10,2.151944,0.433179
2025-05-13,A100,13,0.909750,0.301204
2025-05-13,H100,14,3.339156,0.445615
2025-05-13,H200,10,2.219000,0.369181
2025-05-14,A100,13,0.915512,0.296458
2025-05-14,H100,14,3.343356,0.420746
2025-05-14,H200,10,2.268300,0.338897
2025-05-15,A100,13,0.932963,0.292851
2025-05-15,H100,14,3.331831,0.381717
2025-05-15,H200,10,2.380050,0.328808
2025-05-16,A100,13,0.949600,0.325724
2025-05-16,H100,14,3.329856,0.343419
2025-05-16,H200,10,2.420575,0.316837
2025-05-17,A100,13,0.985050,0.302091
2025-05-17,H100,14,3.345494,0.340564
2025-05-17,H200,10,2.480300,0.265839
2025-05-18,A100,13,1.035200,0.183645
2025-05-18,H100,14,3.303131,0.328264
2025-05-18,H200,10,2.576975,0.244444
2025-05-19,A100,13,1.051762,0.142080
2025-05-19,H100,14,3.254194,0.306908
2025-05-19,H200,10,2.658581,0.217926
2025-05-20,A100,13,1.084288,0.109706
2025-05-20,H100,14,3.286575,0.246348
2025-05-20,H200,10,2.708644,0.188016
2025-05-21,A100,13,1.119363,0.124009
2025-05-21,H100,14,3.361388,0.227475
2025-05-21,H200,10,2.741681,0.175611
2025-05-22,A100,13,1.123175,0.134552
2025-05-22,H100,14,3.357225,0.185622
2025-05-22,H200,10,2.763287,0.130493
2025-05-23,A100,13,1.145825,0.183674
2025-05-23,H100,14,3.412800,0.180659
2025-05-23,H200,10,2.845713,0.099385
2025-05-24,A100,13,1.168675,0.182556
2025-05-24,H100,14,3.452156,0.149906
2025-05-24,H200,10,2.912688,0.094141
2025-05-25,A100,13,1.142725,0.148725
2025-05-25,H100,14,3.491681,0.181193
2025-05-25,H200,10,2.995031,0.105076
2025-05-26,A100,13,1.161750,0.141348
2025-05-26,H100,14,3.510650,0.175650
2025-05-26,H200,10,2.946831,0.119272
2025-05-27,A100,13,1.170637,0.157486
2025-05-27,H100,14,3.517012,0.175511
2025-05-27,H200,10,2.995781,0.134077
2025-05-28,A100,13,1.176100,0.177161
2025-05-28,H100,14,3.531169,0.151956
2025-05-28,H200,10,3.124262,0.155685
2025-05-29,A100,13,1.182238,0.186855
2025-05-29,H100,14,3.563281,0.115384
2025-05-29,H200,10,3.210944,0.147459
2025-05-30,A100,13,1.200762,0.194768
2025-05-30,H100,14,3.562906,0.100039
2025-05-30,H200,10,3.286619,0.151835
2025-05-31,A100,13,1.218325,0.215597
2025-05-31,H100,14,3.565469,0.101638
2025-05-31,H200,10,3.264437,0.170997
2025-06-01,A100,13,1.235062,0.200191
2025-06-01,H100,14,3.581981,0.097245
2025-06-01,H200,10,3.269013,0.168489
2025-06-02,A100,13,1.230425,0.198364
2025-06-02,H100,14,3.609069,0.106673
2025-06-02,H200,10,3.302913,0.177054
2025-06-03,A100,13,1.238187,0.246436
2025-06-03,H100,14,3.574031,0.127639
2025-06-03,H200,10,3.251706,0.175018
2025-06-04,A100,13,1.308525,0.244706
2025-06-04,H100,14,3.550694,0.143125
2025-06-04,H200,10,3.221875,0.198890
2025-06-05,A100,13,1.250663,0.284285
2025-06-05,H100,14,3.451650,0.149594
2025-06-05,H200,10,3.146800,0.187200
2025-06-06,A100,13,1.185612,0.306640
2025-06-06,H100,14,3.261100,0.154954
2025-06-06,H200,10,3.005844,0.190304
2025-06-07,A100,13,1.187825,0.315870
2025-06-07,H100,14,3.133325,0.156136
2025-06-07,H200,10,2.923650,0.180688
2025-06-08,A100,13,1.198562,0.314168
2025-06-08,H100,14,3.001238,0.140490
2025-06-08,H200,10,2.771581,0.176904
2025-06-09,A100,13,1.149850,0.328137
2025-06-09,H100,14,2.910269,0.136134
2025-06-09,H200,10,2.636938,0.186525
2025-06-10,A100,13,1.050925,0.292141
2025-06-10,H100,14,2.743031,0.126639
2025-06-10,H200,10,2.564706,0.190497
2025-06-11,A100,13,1.002287,0.270482
2025-06-11,H100,14,2.655150,0.084798
2025-06-11,H200,11,2.423750,0.124073
2025-06-12,A100,13,1.018738,0.297173
2025-06-12,H100,14,2.529313,0.116091
2025-06-12,H200,11,2.328438,0.108308
2025-06-13,A100,13,0.980788,0.332529
2025-06-13,H100,14,2.404575,0.113198
2025-06-13,H200,11,2.306862,0.098039
2025-06-14,A100,13,0.953113,0.340330
2025-06-14,H100,14,2.301319,0.122090
2025-06-14,H200,11,2.314175,0.079534
2025-06-15,A100,13,0.972125,0.311421
2025-06-15,H100,14,2.161669,0.134849
2025-06-15,H200,11,2.195438,0.058609
2025-06-16,A100,13,0.943550,0.312639
2025-06-16,H100,14,2.049263,0.151835
2025-06-16,H200,12,2.170387,0.084604
2025-06-17,A100,13,0.949013,0.285508
2025-06-17,H100,14,2.026331,0.126967
2025-06-17,H200,12,2.194375,0.081911
2025-06-18,A100,13,0.958187,0.227886
2025-06-18,H100,14,2.025644,0.083620
2025-06-18,H200,12,2.146075,0.085972
2025-06-19,A100,13,0.996012,0.214228
2025-06-19,H100,14,1.994563,0.091815
2025-06-19,H200,12,2.133031,0.127694
2025-06-20,A100,13,0.964437,0.258894
2025-06-20,H100,14,2.012669,0.098578
2025-06-20,H200,12,2.136769,0.182491
2025-06-21,A100,13,0.972125,0.264330
2025-06-21,H100,14,2.001081,0.094191
2025-06-21,H200,12,2.115694,0.224041
2025-06-22,A100,13,0.970487,0.280817
2025-06-22,H100,14,2.000169,0.079206
2025-06-22,H200,12,2.107400,0.253762
2025-06-23,A100,13,0.987625,0.275703
2025-06-23,H100,14,1.964325,0.069954
2025-06-23,H200,12,2.053525,0.276089
2025-06-24,A100,13,0.976712,0.320809
2025-06-24,H100,14,1.957944,0.081629
2025-06-24,H200,12,1.990975,0.308521
2025-06-25,A100,13,0.970850,0.389274
2025-06-25,H100,14,1.955869,0.087363
2025-06-25,H200,12,1.911075,0.275793
2025-06-26,A100,13,0.973712,0.430031
2025-06-26,H100,14,1.962038,0.076077
2025-06-26,H200,12,1.852100,0.308633
2025-06-27,A100,13,0.960313,0.390136
2025-06-27,H100,14,1.990988,0.072716
2025-06-27,H200,12,1.891738,0.343204
2025-06-28,A100,13,0.960525,0.350915
2025-06-28,H100,14,1.974475,0.054402
2025-06-28,H200,12,1.906213,0.388587
2025-06-29,A100,13,0.957712,0.310294
2025-06-29,H100,14,1.973975,0.054816
2025-06-29,H200,12,1.942725,0.444552
2025-06-30,A100,13,0.952512,0.256479
2025-06-30,H100,14,1.958100,0.044094
2025-06-30,H200,12,1.910969,0.444183
2025-07-01,A100,13,0.971075,0.281664
2025-07-01,H100,14,1.955019,0.080220
2025-07-01,H200,12,1.956350,0.401129
2025-07-02,A100,13,0.971662,0.266655
2025-07-02,H100,14,1.959356,0.076689
2025-07-02,H200,12,1.963550,0.367205
2025-07-03,A100,13,0.967512,0.289703
2025-07-03,H100,14,1.952969,0.057663
2025-07-03,H200,12,1.957556,0.358664
2025-07-04,A100,13,1.004875,0.327532
2025-07-04,H100,14,1.935719,0.042039
2025-07-04,H200,12,1.941494,0.315713
2025-07-05,A100,13,1.015775,0.355943
2025-07-05,H100,14,1.956156,0.057945
2025-07-05,H200,12,1.962906,0.346210
2025-07-06,A100,13,1.032037,0.330830
2025-07-06,H100,14,1.952681,0.058591
2025-07-06,H200,12,2.012938,0.352404
2025-07-07,A100,13,1.047862,0.353813
2025-07-07,H100,14,1.973656,0.098055
2025-07-07,H200,12,2.049344,0.330235
2025-07-08,A100,13,1.072987,0.351852
2025-07-08,H100,14,1.968738,0.105959
2025-07-08,H200,12,2.124338,0.299193
2025-07-09,A100,13,1.091238,0.334555
2025-07-09,H100,14,1.954163,0.069836
2025-07-09,H200,12,2.125438,0.272595
2025-07-10,A100,13,1.106038,0.315150
2025-07-10,H100,14,1.953963,0.055090
2025-07-10,H200,12,2.121444,0.232866
2025-07-11,A100,13,1.117363,0.259038
2025-07-11,H100,14,1.965256,0.043596
2025-07-11,H200,12,2.112606,0.242512
2025-07-12,A100,13,1.141600,0.261566
2025-07-12,H100,14,1.946613,0.048805
2025-07-12,H200,12,2.115644,0.261921
2025-07-13,A100,13,1.111975,0.249781
2025-07-13,H100,14,1.924488,0.069043
2025-07-13,H200,12,2.102525,0.283267
2025-07-14,A100,13,1.117775,0.233617
2025-07-14,H100,14,1.925600,0.073506
2025-07-14,H200,12,2.062994,0.291770
2025-07-15,A100,13,1.112162,0.217118
2025-07-15,H100,14,1.922687,0.096477
2025-07-15,H200,12,2.051662,0.289509
2025-07-16,A100,13,1.104625,0.212173
2025-07-16,H100,14,1.925319,0.158853
2025-07-16,H200,12,2.061000,0.286484
2025-07-17,A100,13,1.111500,0.198829
2025-07-17,H100,14,1.944244,0.170037
2025-07-17,H200,12,2.047650,0.271638
2025-07-18,A100,13,1.161400,0.238240
2025-07-18,H100,14,1.988869,0.190900
2025-07-18,H200,12,2.084713,0.264206
2025-07-19,A100,13,1.168413,0.208539
2025-07-19,H100,14,1.996081,0.218964
2025-07-19,H200,12,2.161406,0.312626
2025-07-20,A100,13,1.117787,0.135799
2025-07-20,H100,14,2.012850,0.271670
2025-07-20,H200,12,2.105631,0.267921
2025-07-21,A100,13,1.127150,0.090865
2025-07-21,H100,14,2.002019,0.287286
2025-07-21,H200,12,1.976269,0.211353
2025-07-22,A100,13,1.135900,0.163056
2025-07-22,H100,14,2.007694,0.290407
2025-07-22,H200,12,2.017281,0.190490
2025-07-23,A100,13,1.150100,0.240531
2025-07-23,H100,14,1.987313,0.268123
2025-07-23,H200,12,1.933750,0.209005
2025-07-24,A100,13,1.182950,0.242779
2025-07-24,B200,1,1.424162,
2025-07-24,H100,14,1.983763,0.270757
2025-07-24,H200,12,1.908331,0.220473
2025-07-25,A100,13,1.227350,0.289864
2025-07-25,B200,1,1.430950,
2025-07-25,H100,14,1.993662,0.265143
2025-07-25,H200,12,1.916769,0.255792
2025-07-26,A100,13,1.223513,0.387768
2025-07-26,B200,1,1.517238,
2025-07-26,H100,14,1.990844,0.239040
2025-07-26,H200,12,1.920587,0.239107
2025-07-27,A100,13,1.224938,0.407551
2025-07-27,B200,1,1.614375,
2025-07-27,H100,14,1.993706,0.216475
2025-07-27,H200,12,1.942875,0.242377
2025-07-28,A100,13,1.231262,0.403738
2025-07-28,B200,4,1.424162,0.042609
2025-07-28,H100,14,1.999269,0.195399
2025-07-28,H200,12,1.998681,0.222338
2025-07-29,A100,13,1.238112,0.411916
2025-07-29,B200,4,1.511550,0.054794
2025-07-29,H100,14,2.024087,0.172745
2025-07-29,H200,12,2.042175,0.186737
2025-07-30,A100,13,1.242487,0.409183
2025-07-30,B200,4,1.579269,0.080852
2025-07-30,H100,14,2.038787,0.153195
2025-07-30,H200,12,2.039713,0.171582
2025-07-31,A100,13,1.234275,0.428519
2025-07-31,B200,5,1.628600,0.082516
2025-07-31,H100,14,2.052112,0.152967
2025-07-31,H200,12,2.092881,0.227498
2025-08-01,A100,13,1.243700,0.432915
2025-08-01,B200,5,1.773650,0.052656
2025-08-01,H100,14,2.068406,0.153358
2025-08-01,H200,12,2.101200,0.272914
2025-08-02,A100,13,1.237675,0.443204
2025-08-02,B200,5,1.820987,0.041014
2025-08-02,H100,14,2.083019,0.154733
2025-08-02,H200,12,2.161356,0.316000
2025-08-03,A100,13,1.218687,0.373332
2025-08-03,B200,5,1.822700,0.057530
2025-08-03,H100,14,2.107512,0.148660
2025-08-03,H200,12,2.172837,0.331372
2025-08-04,A100,13,1.239975,0.351783
2025-08-04,B200,5,1.956775,0.126968
2025-08-04,H100,14,2.102437,0.147685
2025-08-04,H200,12,2.173344,0.375416
2025-08-05,A100,13,1.242450,0.356709
2025-08-05,B200,5,2.064350,0.168636
2025-08-05,H100,14,2.118744,0.140043
2025-08-05,H200,12,2.207525,0.399020
2025-08-06,A100,13,1.273375,0.357772
2025-08-06,B200,5,2.108512,0.181543
2025-08-06,H100,14,2.147544,0.154780
2025-08-06,H200,12,2.250106,0.392941
2025-08-07,A100,13,1.321362,0.342194
2025-08-07,B200,5,2.163250,0.226102
2025-08-07,H100,14,2.161300,0.154745
2025-08-07,H200,12,2.286919,0.381741
2025-08-08,A100,13,1.294663,0.345771
2025-08-08,B200,5,2.256388,0.269489
2025-08-08,H100,14,2.192437,0.159722
2025-08-08,H200,12,2.305925,0.367160
2025-08-09,A100,13,1.286975,0.348780
2025-08-09,B200,5,2.373750,0.379875
2025-08-09,H100,14,2.216600,0.160348
2025-08-09,H200,12,2.340656,0.349336
2025-08-10,A100,13,1.292412,0.328944
2025-08-10,B200,5,2.459563,0.502718
2025-08-10,H100,14,2.219544,0.170770
2025-08-10,H200,12,2.366319,0.363130
2025-08-11,A100,13,1.316850,0.309435
2025-08-11,B200,5,2.541825,0.574408
2025-08-11,H100,14,2.214663,0.148667
2025-08-11,H200,12,2.365506,0.388069
2025-08-12,A100,13,1.328837,0.277821
2025-08-12,B200,5,2.655325,0.634329
2025-08-12,H100,14,2.235556,0.135840
2025-08-12,H200,12,2.395519,0.386076
2025-08-13,A100,13,1.343525,0.252097
2025-08-13,B200,5,2.730538,0.701963
2025-08-13,H100,14,2.257294,0.135307
2025-08-13,H200,12,2.428937,0.393320
2025-08-14,A100,13,1.336475,0.242997
2025-08-14,B200,5,2.787725,0.736929
2025-08-14,H100,14,2.270725,0.127341
2025-08-14,H200,12,2.432856,0.396800
2025-08-15,A100,13,1.336750,0.238275
2025-08-15,B200,5,2.881137,0.757640
2025-08-15,H100,14,2.285462,0.127039
2025-08-15,H200,12,2.460687,0.406956
2025-08-16,A100,13,1.330637,0.237068
2025-08-16,B200,5,2.980675,0.774729
2025-08-16,H100,14,2.313619,0.126545
2025-08-16,H200,12,2.478675,0.399796
2025-08-17,A100,13,1.364775,0.242684
2025-08-17,B200,5,3.114263,0.778197
2025-08-17,H100,14,2.321994,0.124375
2025-08-17,H200,12,2.469731,0.388731
2025-08-18,A100,13,1.370888,0.242817
2025-08-18,B200,5,3.155013,0.764995
2025-08-18,H100,14,2.328381,0.124385
2025-08-18,H200,12,2.491250,0.386008
2025-08-19,A100,13,1.366288,0.241117
2025-08-19,B200,5,3.173812,0.798108
2025-08-19,H100,14,2.330463,0.122959
2025-08-19,H200,12,2.518162,0.380871
2025-08-20,A100,13,1.386688,0.294182
2025-08-20,B200,5,3.318938,0.779792
2025-08-20,H100,14,2.347200,0.125598
2025-08-20,H200,12,2.554431,0.407862
2025-08-21,A100,13,1.334162,0.362929
2025-08-21,B200,5,3.387700,0.762291
2025-08-21,H100,14,2.348606,0.102182
2025-08-21,H200,12,2.589062,0.447945
2025-08-22,A100,13,1.338500,0.424659
2025-08-22,B200,5,3.460538,0.734666
2025-08-22,H100,14,2.352613,0.109947
2025-08-22,H200,12,2.614275,0.466916
2025-08-23,A100,13,1.341525,0.444822
2025-08-23,B200,5,3.581937,0.780971
2025-08-23,H100,14,2.354531,0.092421
2025-08-23,H200,12,2.634688,0.509020
2025-08-24,A100,13,1.346963,0.408735
2025-08-24,B200,5,3.625125,0.862262
2025-08-24,H100,14,2.363406,0.085141
2025-08-24,H200,12,2.615981,0.516102
2025-08-25,A100,13,1.347725,0.296211
2025-08-25,B200,5,3.651050,0.900957
2025-08-25,H100,14,2.343681,0.081455
2025-08-25,H200,12,2.614500,0.535718
2025-08-26,A100,13,1.393425,0.333848
2025-08-26,B200,5,3.763450,0.959749
2025-08-26,H100,14,2.352450,0.091576
2025-08-26,H200,12,2.649669,0.565111
2025-08-27,A100,13,1.416750,0.359805
2025-08-27,B200,5,3.833300,0.990367
2025-08-27,H100,14,2.372463,0.075657
2025-08-27,H200,12,2.638937,0.598434
2025-08-28,A100,13,1.426750,0.372857
2025-08-28,B200,5,3.900975,0.996737
2025-08-28,H100,14,2.391337,0.081300
2025-08-28,H200,12,2.656819,0.627654
2025-08-29,A100,13,1.439200,0.365551
2025-08-29,B200,5,3.970825,0.984169
2025-08-29,H100,14,2.405394,0.078286
2025-08-29,H200,12,2.699562,0.606359
2025-08-30,A100,13,1.434150,0.382925
2025-08-30,B200,5,4.046862,1.028337
2025-08-30,H100,14,2.430144,0.082886
2025-08-30,H200,12,2.686856,0.633125
2025-08-31,A100,13,1.409975,0.373470
2025-08-31,B200,5,4.099625,1.069949
2025-08-31,H100,14,2.433925,0.085537
2025-08-31,H200,12,2.693131,0.647214
2025-09-01,A100,13,1.401500,0.377752
2025-09-01,B200,5,4.103275,1.057176
2025-09-01,H100,14,2.424144,0.097864
2025-09-01,H200,12,2.656025,0.629180
2025-09-02,A100,13,1.393250,0.371649
2025-09-02,B200,5,4.117038,1.060425
2025-09-02,H100,14,2.446606,0.099742
2025-09-02,H200,12,2.630244,0.640323
2025-09-03,A100,13,1.395563,0.370938
2025-09-03,B200,5,4.083925,1.089560
2025-09-03,H100,14,2.455113,0.104552
2025-09-03,H200,12,2.626994,0.660214
2025-09-04,A100,13,1.393300,0.374631
2025-09-04,B200,5,4.108725,1.117270
2025-09-04,H100,14,2.415956,0.093928
2025-09-04,H200,12,2.695144,0.658517
2025-09-05,A100,13,1.370225,0.377435
2025-09-05,B200,5,4.138050,1.120063
2025-09-05,H100,14,2.413437,0.103052
2025-09-05,H200,12,2.664919,0.683024
2025-09-06,A100,13,1.369137,0.365016
2025-09-06,B200,5,4.226850,1.071960
2025-09-06,H100,14,2.412994,0.121093
2025-09-06,H200,12,2.687606,0.651512
2025-09-07,A100,13,1.370450,0.394910
2025-09-07,B200,5,4.227800,1.091979
2025-09-07,H100,14,2.451575,0.120911
2025-09-07,H200,12,2.675150,0.623880
2025-09-08,A100,13,1.407237,0.388785
2025-09-08,B200,5,4.287325,1.130297
2025-09-08,H100,14,2.437944,0.119340
2025-09-08,H200,12,2.675269,0.595989
2025-09-09,A100,13,1.381500,0.409022
2025-09-09,B200,5,4.313500,1.148743
2025-09-09,H100,14,2.427363,0.117191
2025-09-09,H200,12,2.671231,0.581546
2025-09-10,A100,13,1.380025,0.412342
2025-09-10,B200,5,4.384487,1.106030
2025-09-10,H100,14,2.463719,0.118386
2025-09-10,H200,12,2.669700,0.547183
2025-09-11,A100,13,1.380425,0.372164
2025-09-11,B200,5,4.452250,1.078182
2025-09-11,H100,14,2.446294,0.124047
2025-09-11,H200,12,2.666062,0.494648
2025-09-12,A100,13,1.365625,0.311790
2025-09-12,B200,5,4.544613,1.012175
2025-09-12,H100,14,2.410300,0.119217
2025-09-12,H200,12,2.670088,0.424337
2025-09-13,A100,13,1.363638,0.275449
2025-09-13,B200,5,4.585750,1.009889
2025-09-13,H100,14,2.411031,0.131409
2025-09-13,H200,12,2.624956,0.409961
2025-09-14,A100,13,1.363662,0.252846
2025-09-14,B200,5,4.585625,0.997486
2025-09-14,H100,14,2.419144,0.162398
2025-09-14,H200,12,2.608563,0.403605
2025-09-15,A100,13,1.382213,0.200793
2025-09-15,B200,5,4.458863,0.963976
2025-09-15,H100,14,2.425850,0.201988
2025-09-15,H200,12,2.594550,0.390229
2025-09-16,A100,13,1.390975,0.232965
2025-09-16,B200,5,4.350537,0.913950
2025-09-16,H100,14,2.408494,0.195500
2025-09-16,H200,12,2.532994,0.381106
2025-09-17,A100,13,1.408825,0.256451
2025-09-17,B200,5,4.292575,0.862426
2025-09-17,H100,14,2.397575,0.208120
2025-09-17,H200,12,2.502144,0.356812
2025-09-18,A100,13,1.396837,0.282372
2025-09-18,B200,5,4.135512,0.819237
2025-09-18,H100,14,2.385531,0.199723
2025-09-18,H200,12,2.506600,0.359699
2025-09-19,A100,13,1.369125,0.283735
2025-09-19,B200,5,4.159512,0.781646
2025-09-19,H100,14,2.406194,0.215100
2025-09-19,H200,12,2.478150,0.343190
2025-09-20,A100,13,1.379962,0.285735
2025-09-20,B200,5,4.169137,0.698308
2025-09-20,H100,14,2.385575,0.224069
2025-09-20,H200,12,2.466944,0.348244
2025-09-21,A100,13,1.368013,0.290266
2025-09-21,B200,5,4.201512,0.632634
2025-09-21,H100,14,2.404262,0.241030
2025-09-21,H200,12,2.486375,0.332472
2025-09-22,A100,13,1.341900,0.297410
2025-09-22,B200,5,4.130413,0.569379
2025-09-22,H100,14,2.392350,0.251198
2025-09-22,H200,12,2.491444,0.310734
2025-09-23,A100,13,1.304500,0.299419
2025-09-23,B200,5,4.152287,0.527842
2025-09-23,H100,14,2.364850,0.249131
2025-09-23,H200,12,2.504225,0.278625
2025-09-24,A100,13,1.307837,0.301358
2025-09-24,B200,5,4.185850,0.498027
2025-09-24,H100,14,2.371037,0.232392
2025-09-24,H200,12,2.498700,0.289139
2025-09-25,A100,13,1.280738,0.298986
2025-09-25,B200,5,4.291688,0.436142
2025-09-25,H100,14,2.388525,0.220699
2025-09-25,H200,12,2.516144,0.289466
2025-09-26,A100,13,1.284675,0.324220
2025-09-26,B200,5,4.350338,0.429542
2025-09-26,H100,14,2.360681,0.207915
2025-09-26,H200,12,2.511881,0.294020
2025-09-27,A100,13,1.273888,0.332653
2025-09-27,B200,5,4.396562,0.445495
2025-09-27,H100,14,2.391906,0.232898
2025-09-27,H200,12,2.514400,0.289407
2025-09-28,A100,13,1.282000,0.325795
2025-09-28,B200,5,4.199287,0.442271
2025-09-28,H100,14,2.350231,0.266090
2025-09-28,H200,12,2.472187,0.302085
2025-09-29,A100,13,1.269862,0.331092
2025-09-29,B200,5,4.001213,0.455306
2025-09-29,H100,14,2.349419,0.301974
2025-09-29,H200,12,2.466425,0.319785
2025-09-30,A100,13,1.249500,0.340187
2025-09-30,B200,5,3.771975,0.487570
2025-09-30,H100,14,2.350338,0.340916
2025-09-30,H200,12,2.385019,0.312457
2025-10-01,A100,13,1.252425,0.378974
2025-10-01,B200,5,3.661250,0.479063
2025-10-01,H100,14,2.343344,0.370561
2025-10-01,H200,12,2.406281,0.316381
2025-10-02,A100,13,1.259550,0.444115
2025-10-02,B200,5,3.565838,0.509101
2025-10-02,H100,14,2.351381,0.357324
2025-10-02,H200,12,2.415000,0.314404
2025-10-03,A100,13,1.261613,0.466832
2025-10-03,B200,5,3.429650,0.516819
2025-10-03,H100,14,2.333975,0.365870
2025-10-03,H200,12,2.421963,0.322849
2025-10-04,A100,13,1.262987,0.425065
2025-10-04,B200,5,3.218187,0.559610
2025-10-04,H100,14,2.334556,0.371604
2025-10-04,H200,12,2.424306,0.322123
2025-10-05,A100,13,1.240350,0.370061
2025-10-05,B200,5,3.088887,0.574250
2025-10-05,H100,14,2.324612,0.372951
2025-10-05,H200,12,2.426550,0.330375
2025-10-06,A100,13,1.222438,0.361541
2025-10-06,B200,5,2.985050,0.596643
2025-10-06,H100,14,2.300300,0.355013
2025-10-06,H200,12,2.431056,0.332301
2025-10-07,A100,13,1.255875,0.382679
2025-10-07,B200,5,2.954662,0.589197
2025-10-07,H100,14,2.348381,0.344793
2025-10-07,H200,12,2.438581,0.317921
2025-10-08,A100,13,1.281438,0.357320
2025-10-08,B200,5,2.892525,0.580118
2025-10-08,H100,14,2.375444,0.356950
2025-10-08,H200,12,2.444794,0.319726
2025-10-09,A100,13,1.274225,0.353028
2025-10-09,B200,5,2.945688,0.562579
2025-10-09,H100,14,2.407769,0.366787
2025-10-09,H200,12,2.456612,0.306445
2025-10-10,A100,13,1.271362,0.333196
2025-10-10,B200,5,3.002362,0.553599
2025-10-10,H100,14,2.413319,0.371602
2025-10-10,H200,12,2.456538,0.302205
2025-10-11,A100,13,1.261325,0.317108
2025-10-11,B200,5,3.006050,0.547090
2025-10-11,H100,14,2.426312,0.362675
2025-10-11,H200,12,2.468281,0.322737
2025-10-12,A100,13,1.272987,0.322083
2025-10-12,B200,5,3.044125,0.546757
2025-10-12,H100,14,2.437081,0.367184
2025-10-12,H200,12,2.483750,0.344381
2025-10-13,A100,13,1.249537,0.359599
2025-10-13,B200,5,3.106613,0.570910
2025-10-13,H100,14,2.427263,0.385506
2025-10-13,H200,12,2.504313,0.355161
2025-10-14,A100,13,1.237675,0.347677
2025-10-14,B200,5,3.135900,0.607782
2025-10-14,H100,14,2.456375,0.397596
2025-10-14,H200,12,2.524600,0.358250
2025-10-15,A100,13,1.314175,0.343276
2025-10-15,B200,5,3.151162,0.610046
2025-10-15,H100,14,2.454438,0.410294
2025-10-15,H200,12,2.534319,0.356580
2025-10-16,A100,16,1.226500,0.666617
2025-10-16,B200,5,3.167400,0.657558
2025-10-16,H100,14,2.431612,0.406914
2025-10-16,H200,12,2.546263,0.384139
2025-10-17,A100,16,1.216531,0.643612
2025-10-17,B200,6,3.150812,0.582277
2025-10-17,H100,14,2.441025,0.413664
2025-10-17,H200,12,2.550925,0.394089
2025-10-18,A100,16,1.203981,0.617256
2025-10-18,B200,6,3.149056,0.623606
2025-10-18,H100,14,2.456294,0.386985
2025-10-18,H200,12,2.557656,0.403087
2025-10-19,A100,16,1.209125,0.610814
2025-10-19,B200,6,3.125163,0.656922
2025-10-19,H100,14,2.450900,0.383171
2025-10-19,H200,12,2.549431,0.400877
2025-10-20,A100,16,1.212531,0.565512
2025-10-20,B200,6,3.160550,0.668938
2025-10-20,H100,14,2.454838,0.384652
2025-10-20,H200,12,2.539181,0.405157
2025-10-21,A100,16,1.215238,0.524332
2025-10-21,B200,6,3.164025,0.651904
2025-10-21,H100,14,2.500488,0.387047
2025-10-21,H200,12,2.556275,0.414192
2025-10-22,A100,16,1.210144,0.517852
2025-10-22,B200,6,3.181837,0.665965
2025-10-22,H100,14,2.491038,0.371491
2025-10-22,H200,12,2.565425,0.420462
2025-10-23,A100,16,1.225925,0.475797
2025-10-23,B200,6,3.186625,0.676328
2025-10-23,H100,14,2.470656,0.357643
2025-10-23,H200,12,2.557600,0.427644
2025-10-24,A100,16,1.240813,0.460295
2025-10-24,B200,6,3.198400,0.665475
2025-10-24,H100,14,2.495831,0.362654
2025-10-24,H200,12,2.530069,0.435420
2025-10-25,A100,16,1.259544,0.416727
2025-10-25,B200,6,3.062438,0.691415
2025-10-25,H100,14,2.491700,0.395390
2025-10-25,H200,12,2.506169,0.441968
2025-10-26,A100,16,1.292856,0.390811
2025-10-26,B200,6,2.952806,0.702839
2025-10-26,H100,14,2.467262,0.399705
2025-10-26,H200,12,2.490675,0.450427
2025-10-27,A100,16,1.317725,0.412861
2025-10-27,B200,6,2.813750,0.708676
2025-10-27,H100,14,2.447319,0.400597
2025-10-27,H200,12,2.489119,0.443159
2025-10-28,A100,16,1.304088,0.411129
2025-10-28,B200,6,2.672850,0.709059
2025-10-28,H100,14,2.500156,0.395389
2025-10-28,H200,12,2.486088,0.440945
2025-10-29,A100,16,1.291644,0.396106
2025-10-29,B200,6,2.565706,0.641155
2025-10-29,H100,14,2.495950,0.397066
2025-10-29,H200,12,2.474356,0.433821
2025-10-30,A100,16,1.277319,0.340259
2025-10-30,B200,6,2.617762,0.684663
2025-10-30,H100,14,2.492381,0.399969
2025-10-30,H200,12,2.463406,0.415596
2025-10-31,A100,16,1.303644,0.314607
2025-10-31,B200,6,2.680919,0.644556
2025-10-31,H100,14,2.479013,0.386658
2025-10-31,H200,12,2.452500,0.373057
2025-11-01,A100,16,1.324144,0.340104
2025-11-01,B200,6,2.800325,0.647713
2025-11-01,H100,14,2.438344,0.355145
2025-11-01,H200,12,2.444075,0.319145
2025-11-02,A100,16,1.302581,0.342575
2025-11-02,B200,6,2.904856,0.632851
2025-11-02,H100,14,2.399194,0.332857
2025-11-02,H200,12,2.421069,0.289015
2025-11-03,A100,16,1.285881,0.339575
2025-11-03,B200,6,3.018869,0.628335
2025-11-03,H100,14,2.397056,0.314716
2025-11-03,H200,12,2.408800,0.265184
2025-11-04,A100,16,1.287075,0.362729
2025-11-04,B200,6,3.096244,0.571977
2025-11-04,H100,14,2.385187,0.292201
2025-11-04,H200,12,2.439031,0.270929
2025-11-05,A100,16,1.307494,0.391360
2025-11-05,B200,6,3.095388,0.504649
2025-11-05,H100,14,2.377081,0.281016
2025-11-05,H200,12,2.458531,0.279585
2025-11-06,A100,16,1.319606,0.407452
2025-11-06,B200,6,3.134713,0.430260
2025-11-06,H100,14,2.331750,0.267921
2025-11-06,H200,12,2.441044,0.285781
2025-11-07,A100,16,1.296806,0.419219
2025-11-07,B200,6,3.250456,0.398099
2025-11-07,H100,14,2.289537,0.301515
2025-11-07,H200,12,2.434056,0.293558
2025-11-08,A100,16,1.276631,0.455914
2025-11-08,B200,6,3.349044,0.413542
2025-11-08,H100,14,2.251088,0.303962
2025-11-08,H200,12,2.435306,0.299966
2025-11-09,A100,16,1.254237,0.506687
2025-11-09,B200,6,3.423963,0.430963
2025-11-09,H100,14,2.200013,0.311511
2025-11-09,H200,12,2.445712,0.305323
2025-11-10,A100,16,1.240656,0.543990
2025-11-10,B200,6,3.515069,0.458712
2025-11-10,H100,14,2.170156,0.316865
2025-11-10,H200,12,2.455425,0.306979
2025-11-11,A100,16,1.227675,0.507773
2025-11-11,B200,6,3.610694,0.482387
2025-11-11,H100,14,2.163819,0.330496
2025-11-11,H200,12,2.484700,0.299653
2025-11-12,A100,16,1.219681,0.465204
2025-11-12,B200,6,3.683713,0.499486
2025-11-12,H100,14,2.134969,0.340570
2025-11-12,H200,12,2.509337,0.281202
2025-11-13,A100,16,1.214812,0.399853
2025-11-13,B200,6,3.785000,0.521966
2025-11-13,H100,14,2.089219,0.354373
2025-11-13,H200,12,2.513906,0.275267
2025-11-14,A100,16,1.209731,0.430717
2025-11-14,B200,6,3.868888,0.545649
2025-11-14,H100,14,2.015969,0.353230
2025-11-14,H200,12,2.489038,0.263176
2025-11-15,A100,16,1.203056,0.483077
2025-11-15,B200,6,3.927437,0.565479
2025-11-15,H100,14,1.968256,0.363965
2025-11-15,H200,12,2.511119,0.215409
2025-11-16,A100,16,1.240831,0.518845
2025-11-16,B200,6,4.038431,0.601184
2025-11-16,H100,14,1.925806,0.378311
2025-11-16,H200,12,2.508000,0.172834
2025-11-17,A100,16,1.278850,0.529532
2025-11-17,B200,6,4.129838,0.617019
2025-11-17,H100,14,1.878194,0.382802
2025-11-17,H200,12,2.466525,0.153427
2025-11-18,A100,16,1.273919,0.530659
2025-11-18,B200,6,4.281481,0.622227
2025-11-18,H100,14,1.854400,0.390152
2025-11-18,H200,12,2.434175,0.145405
2025-11-19,A100,16,1.268744,0.535389
2025-11-19,B200,6,4.255781,0.597157
2025-11-19,H100,14,1.868656,0.407939
2025-11-19,H200,12,2.429344,0.138763
2025-11-20,A100,16,1.256525,0.550554
2025-11-20,B200,6,4.233175,0.526545
2025-11-20,B300,1,8.794650,
2025-11-20,H100,14,1.909712,0.419357
2025-11-20,H200,12,2.431675,0.151018
2025-11-21,A100,16,1.241175,0.542907
2025-11-21,B200,6,4.267288,0.500639
2025-11-21,B300,1,9.174700,
2025-11-21,H100,14,2.031981,0.440865
2025-11-21,H200,12,2.424887,0.154014
2025-11-22,A100,16,1.226094,0.534192
2025-11-22,B200,6,4.299437,0.482607
2025-11-22,B300,1,9.662963,
2025-11-22,H100,14,2.132887,0.425544
2025-11-22,H200,12,2.422719,0.157068
2025-11-23,A100,16,1.231281,0.551500
2025-11-23,B200,6,4.330694,0.456760
2025-11-23,B300,1,9.880187,
2025-11-23,H100,14,2.173956,0.417157
2025-11-23,H200,12,2.416281,0.167423
2025-11-24,A100,16,1.256763,0.562048
2025-11-24,B200,6,4.385669,0.396275
2025-11-24,B300,1,10.582137,
2025-11-24,H100,14,2.151175,0.431992
2025-11-24,H200,12,2.395025,0.182382
2025-11-25,A100,16,1.294062,0.567914
2025-11-25,B200,6,4.332156,0.380204
2025-11-25,B300,1,10.910937,
2025-11-25,H100,14,2.140106,0.429302
2025-11-25,H200,12,2.363725,0.197048
2025-11-26,A100,16,1.380113,0.610353
2025-11-26,B200,6,4.346981,0.364186
2025-11-26,B300,1,11.062800,
2025-11-26,H100,14,2.132550,0.442270
2025-11-26,H200,12,2.324231,0.201538
2025-11-27,A100,16,1.420037,0.632700
2025-11-27,B200,6,4.301519,0.346556
2025-11-27,B300,1,12.155450,
2025-11-27,H100,14,2.104750,0.440478
2025-11-27,H200,12,2.324644,0.215591
2025-11-28,A100,16,1.461537,0.617477
2025-11-28,B200,6,4.234444,0.337740
2025-11-28,B300,1,12.470675,
2025-11-28,H100,14,2.109037,0.438647
2025-11-28,H200,12,2.330500,0.229777
2025-11-29,A100,16,1.441325,0.627624
2025-11-29,B200,6,4.186800,0.325968
2025-11-29,B300,1,12.875700,
2025-11-29,H100,14,2.126175,0.420248
2025-11-29,H200,12,2.333181,0.237350
2025-11-30,A100,16,1.428256,0.627147
2025-11-30,B200,6,4.138369,0.310636
2025-11-30,B300,1,13.327713,
2025-11-30,H100,14,2.124769,0.412388
2025-11-30,H200,12,2.330281,0.251528
2025-12-01,A100,16,1.415587,0.596109
2025-12-01,B200,6,4.110006,0.302718
2025-12-01,B300,1,13.862350,
2025-12-01,H100,14,2.122388,0.406446
2025-12-01,H200,12,2.323738,0.257509
2025-12-02,A100,16,1.405363,0.587654
2025-12-02,B200,6,4.136125,0.297232
2025-12-02,B300,1,14.440175,
2025-12-02,H100,14,2.126694,0.394298
2025-12-02,H200,12,2.324337,0.260618
2025-12-03,A100,16,1.397188,0.576703
2025-12-03,B200,6,4.159500,0.309425
2025-12-03,B300,1,14.975675,
2025-12-03,H100,14,2.129912,0.396459
2025-12-03,H200,12,2.324438,0.268906
2025-12-04,A100,16,1.393200,0.581281
2025-12-04,B200,6,4.201081,0.319364
2025-12-04,B300,1,15.495688,
2025-12-04,H100,14,2.135769,0.382843
2025-12-04,H200,12,2.334112,0.264801
2025-12-05,A100,16,1.437150,0.597349
2025-12-05,B200,6,4.202838,0.329201
2025-12-05,B300,1,15.191688,
2025-12-05,H100,14,2.134394,0.363541
2025-12-05,H200,12,2.324662,0.250978
2025-12-06,A100,16,1.485481,0.644960
2025-12-06,B200,6,4.195062,0.345106
2025-12-06,B300,1,14.618213,
2025-12-06,H100,14,2.136369,0.347028
2025-12-06,H200,12,2.350819,0.235932
2025-12-07,A100,16,1.534056,0.713455
2025-12-07,B200,6,4.211844,0.337763
2025-12-07,B300,1,14.385537,
2025-12-07,H100,14,2.143788,0.328494
2025-12-07,H200,12,2.399025,0.220139
2025-12-08,A100,16,1.584181,0.760108
2025-12-08,B200,6,4.225425,0.303581
2025-12-08,B300,1,13.792338,
2025-12-08,H100,14,2.146612,0.317169
2025-12-08,H200,12,2.497344,0.221006
2025-12-09,A100,16,1.632800,0.764708
2025-12-09,B200,6,4.148906,0.093673
2025-12-09,B300,1,13.456762,
2025-12-09,H100,14,2.150856,0.287411
2025-12-09,H200,12,2.567306,0.216625
2025-12-10,A100,16,1.658019,0.828398
2025-12-10,B200,6,4.048950,0.092515
2025-12-10,B300,1,12.941612,
2025-12-10,H100,14,2.122375,0.255738
2025-12-10,H200,12,2.603325,0.221668
2025-12-11,A100,16,1.666794,0.838109
2025-12-11,B200,6,3.991588,0.119381
2025-12-11,B300,1,12.504088,
2025-12-11,H100,14,2.108881,0.246804
2025-12-11,H200,12,2.579925,0.254522
2025-12-12,A100,16,1.629875,0.835367
2025-12-12,B200,6,3.933525,0.127394
2025-12-12,B300,1,12.281237,
2025-12-12,H100,14,2.087144,0.226270
2025-12-12,H200,12,2.542919,0.294811
2025-12-13,A100,16,1.592700,0.826487
2025-12-13,B200,6,3.934781,0.106466
2025-12-13,B300,1,11.904312,
2025-12-13,H100,14,2.045156,0.197282
2025-12-13,H200,12,2.525369,0.283810
2025-12-14,A100,16,1.559850,0.857036
2025-12-14,B200,6,3.932831,0.098811
2025-12-14,B300,1,11.614275,
2025-12-14,H100,14,2.018769,0.167620
2025-12-14,H200,12,2.527787,0.286500
2025-12-15,A100,16,1.531819,0.879745
2025-12-15,B200,6,3.984556,0.114491
2025-12-15,B300,1,11.219387,
2025-12-15,H100,14,1.990912,0.168763
2025-12-15,H200,12,2.536212,0.255208
2025-12-16,A100,16,1.494394,0.857401
2025-12-16,B200,6,4.016600,0.147822
2025-12-16,B300,1,10.755325,
2025-12-16,H100,14,1.977975,0.187791
2025-12-16,H200,12,2.510044,0.256285
2025-12-17,A100,16,1.474794,0.816733
2025-12-17,B200,6,4.074125,0.137102
2025-12-17,B300,1,10.356800,
2025-12-17,H100,14,1.945537,0.183627
2025-12-17,H200,12,2.538119,0.225239
2025-12-18,A100,16,1.438662,0.767297
2025-12-18,B200,6,4.043387,0.129479
2025-12-18,B300,1,10.111612,
2025-12-18,H100,14,1.896594,0.171932
2025-12-18,H200,12,2.616925,0.202545
2025-12-19,A100,16,1.395850,0.726537
2025-12-19,B200,6,4.079975,0.132163
2025-12-19,B300,1,9.707363,
2025-12-19,H100,14,1.910687,0.162493
2025-12-19,H200,12,2.604050,0.208939
2025-12-20,A100,16,1.371269,0.695508
2025-12-20,B200,6,4.068975,0.152180
2025-12-20,B300,1,9.476050,
2025-12-20,H100,14,1.924656,0.168959
2025-12-20,H200,12,2.528919,0.254095
2025-12-21,A100,16,1.328881,0.661416
2025-12-21,B200,6,4.089050,0.168222
2025-12-21,B300,1,9.070887,
2025-12-21,H100,14,1.923200,0.178667
2025-12-21,H200,12,2.487644,0.251213
2025-12-22,A100,16,1.297819,0.598539
2025-12-22,B200,6,4.087244,0.173401
2025-12-22,B300,1,8.853475,
2025-12-22,H100,14,1.930044,0.172571
2025-12-22,H200,12,2.449638,0.236315
2025-12-23,A100,16,1.278331,0.553018
2025-12-23,B200,7,4.199650,0.228301
2025-12-23,B300,1,8.704625,
2025-12-23,H100,14,1.967175,0.159508
2025-12-23,H200,12,2.441750,0.239823
2025-12-24,A100,16,1.250338,0.506374
2025-12-24,B200,7,4.181000,0.233112
2025-12-24,B300,1,8.388962,
2025-12-24,H100,14,2.016587,0.183392
2025-12-24,H200,12,2.537381,0.258558
2025-12-25,A100,16,1.268000,0.468006
2025-12-25,B200,7,4.151212,0.227587
2025-12-25,B300,1,8.252525,
2025-12-25,H100,14,2.064956,0.209750
2025-12-25,H200,12,2.604938,0.279643
2025-12-26,A100,16,1.273112,0.442156
2025-12-26,B200,7,4.128637,0.219441
2025-12-26,B300,1,8.065088,
2025-12-26,H100,14,2.123194,0.212296
2025-12-26,H200,12,2.630944,0.300105
2025-12-27,A100,16,1.252112,0.419818
2025-12-27,B200,7,4.096900,0.218931
2025-12-27,B300,1,7.873100,
2025-12-27,H100,14,2.161194,0.203595
2025-12-27,H200,12,2.654212,0.305748
2025-12-28,A100,16,1.222438,0.378567
2025-12-28,B200,7,4.054000,0.215224
2025-12-28,B300,1,7.772812,
2025-12-28,H100,14,2.192356,0.184814
2025-12-28,H200,12,2.670600,0.318841
2025-12-29,A100,16,1.221481,0.367311
2025-12-29,B200,7,4.042575,0.207496
2025-12-29,B300,1,7.436650,
2025-12-29,H100,14,2.225006,0.169122
2025-12-29,H200,12,2.696087,0.334004
2025-12-30,A100,16,1.204644,0.347364
2025-12-30,B200,7,4.002850,0.215937
2025-12-30,B300,1,7.356525,
2025-12-30,H100,14,2.230138,0.156626
2025-12-30,H200,12,2.691775,0.340117
2025-12-31,A100,16,1.199050,0.324340
2025-12-31,B200,7,4.021488,0.220753
2025-12-31,B300,1,7.288525,
2025-12-31,H100,14,2.237894,0.154788
2025-12-31,H200,12,2.692075,0.318606
2026-01-01,A100,16,1.213906,0.305126
2026-01-01,B200,7,4.029088,0.217668
2026-01-01,B300,1,7.201338,
2026-01-01,H100,14,2.261094,0.160833
2026-01-01,H200,12,2.715831,0.256028
2026-01-02,A100,16,1.225131,0.266969
2026-01-02,B200,7,4.064488,0.191481
2026-01-02,B300,1,7.118137,
2026-01-02,H100,14,2.280162,0.155494
2026-01-02,H200,12,2.732406,0.232324
2026-01-03,A100,16,1.209138,0.256967
2026-01-03,B200,7,4.081325,0.160467
2026-01-03,B300,1,6.881312,
2026-01-03,H100,14,2.288513,0.137673
2026-01-03,H200,12,2.765744,0.173810
2026-01-04,A100,16,1.188750,0.256922
2026-01-04,B200,7,4.091925,0.132841
2026-01-04,B300,1,6.743300,
2026-01-04,H100,14,2.251381,0.098938
2026-01-04,H200,12,2.804675,0.124805
2026-01-05,A100,16,1.187387,0.251274
2026-01-05,B200,7,4.080375,0.126089
2026-01-05,B300,1,6.475450,
2026-01-05,H100,14,2.241631,0.094121
2026-01-05,H200,12,2.800881,0.097293
2026-01-06,A100,16,1.186125,0.238693
2026-01-06,B200,7,4.186937,0.098855
2026-01-06,B300,1,6.335600,
2026-01-06,H100,14,2.313344,0.089337
2026-01-06,H200,12,2.795800,0.092233
2026-01-07,A100,16,1.179944,0.236304
2026-01-07,B200,7,4.229488,0.103518
2026-01-07,B300,1,6.151662,
2026-01-07,H100,14,2.343387,0.082133
2026-01-07,H200,12,2.781338,0.086236
2026-01-08,A100,16,1.170475,0.249379
2026-01-08,B200,7,4.175587,0.113447
2026-01-08,B300,1,6.027287,
2026-01-08,H100,14,2.311413,0.083095
2026-01-08,H200,12,2.748156,0.090348
2026-01-09,A100,16,1.158106,0.268379
2026-01-09,B200,7,4.096200,0.111824
2026-01-09,B300,1,5.868875,
2026-01-09,H100,14,2.270244,0.101227
2026-01-09,H200,12,2.681919,0.098559
2026-01-10,A100,16,1.144019,0.272526
2026-01-10,B200,7,4.001025,0.108207
2026-01-10,B300,1,5.802775,
2026-01-10,H100,14,2.217006,0.127237
2026-01-10,H200,12,2.639175,0.094999
2026-01-11,A100,16,1.109406,0.276094
2026-01-11,B200,7,3.913887,0.105742
2026-01-11,B300,1,5.618500,
2026-01-11,H100,14,2.141938,0.145549
2026-01-11,H200,12,2.622550,0.106382
2026-01-12,A100,16,1.095206,0.302665
2026-01-12,B200,7,3.839163,0.119192
2026-01-12,B300,1,5.530675,
2026-01-12,H100,14,2.106156,0.165675
2026-01-12,H200,12,2.614662,0.113708
2026-01-13,A100,16,1.077544,0.294862
2026-01-13,B200,7,3.699900,0.118011
2026-01-13,B300,1,5.381975,
2026-01-13,H100,14,2.049338,0.179736
2026-01-13,H200,12,2.625062,0.130095
2026-01-14,A100,16,1.074912,0.264536
2026-01-14,B200,7,3.620750,0.119151
2026-01-14,B300,1,5.241512,
2026-01-14,H100,14,2.039144,0.201787
2026-01-14,H200,12,2.612462,0.146170
2026-01-15,A100,16,1.070800,0.246137
2026-01-15,B200,7,3.534137,0.111298
2026-01-15,B300,1,5.106875,
2026-01-15,H100,14,1.975300,0.217196
2026-01-15,H200,12,2.592537,0.154780
2026-01-16,A100,16,1.070813,0.250657
2026-01-16,B200,7,3.478887,0.110266
2026-01-16,B300,1,5.006600,
2026-01-16,H100,14,1.934638,0.244854
2026-01-16,H200,12,2.566113,0.159404
2026-01-17,A100,16,1.079338,0.238389
2026-01-17,B200,7,3.415138,0.115145
2026-01-17,B300,1,4.889225,
2026-01-17,H100,14,1.880000,0.264384
2026-01-17,H200,12,2.511113,0.166467
2026-01-18,A100,16,1.082994,0.264192
2026-01-18,B200,7,3.381162,0.110936
2026-01-18,B300,1,4.815313,
2026-01-18,H100,14,1.855556,0.304081
2026-01-18,H200,12,2.500644,0.181598
2026-01-19,A100,16,1.075831,0.279608
2026-01-19,B200,7,3.281250,0.100503
2026-01-19,B300,1,4.671938,
2026-01-19,H100,14,1.838388,0.345368
2026-01-19,H200,12,2.478069,0.202765
2026-01-20,A100,16,1.063106,0.288116
2026-01-20,B200,7,3.183000,0.111336
2026-01-20,B300,1,4.554900,
2026-01-20,H100,14,1.866606,0.371320
2026-01-20,H200,12,2.448150,0.233160
2026-01-21,A100,16,1.048512,0.293182
2026-01-21,B200,7,3.123213,0.106726
2026-01-21,B300,1,4.485563,
2026-01-21,H100,14,2.009400,0.387916
2026-01-21,H200,12,2.415037,0.237585
2026-01-22,A100,16,1.047737,0.289464
2026-01-22,B200,7,3.034488,0.118825
2026-01-22,B300,1,4.408263,
2026-01-22,H100,14,2.092294,0.410081
2026-01-22,H200,12,2.408844,0.270248
2026-01-23,A100,16,1.051475,0.271260
2026-01-23,B200,7,2.944787,0.115068
2026-01-23,B300,1,4.274125,
2026-01-23,H100,14,2.104138,0.432977
2026-01-23,H200,12,2.370662,0.304440
2026-01-24,A100,16,1.048337,0.234270
2026-01-24,B200,7,2.839350,0.110636
2026-01-24,B300,1,4.218662,
2026-01-24,H100,14,2.104675,0.479330
2026-01-24,H200,12,2.319525,0.345413
2026-01-25,A100,16,1.048269,0.238659
2026-01-25,B200,7,2.772475,0.107930
2026-01-25,B300,1,4.092250,
2026-01-25,H100,14,2.111400,0.534048
2026-01-25,H200,12,2.342988,0.349208
2026-01-26,A100,16,1.064900,0.223343
2026-01-26,B200,7,2.735187,0.120427
2026-01-26,B300,1,4.013237,
2026-01-26,H100,19,1.703600,0.456220
2026-01-26,H200,12,2.307469,0.320280
2026-01-27,A100,16,1.089250,0.206762
2026-01-27,B200,7,2.638237,0.118205
2026-01-27,B300,1,3.915300,
2026-01-27,H100,19,1.753600,0.452355
2026-01-27,H200,12,2.266775,0.319161
2026-01-28,A100,16,1.077287,0.188226
2026-01-28,B200,7,2.609050,0.106217
2026-01-28,B300,1,3.832137,
2026-01-28,H100,19,1.885100,0.440920
2026-01-28,H200,12,2.252094,0.307694
2026-01-29,A100,16,1.068819,0.233975
2026-01-29,B200,7,2.566675,0.110391
2026-01-29,B300,1,3.731288,
2026-01-29,H100,19,1.944988,0.425594
2026-01-29,H200,12,2.244875,0.285569
2026-01-30,A100,16,1.067981,0.259074
2026-01-30,B200,7,2.529688,0.117669
2026-01-30,B300,1,3.637500,
2026-01-30,H100,19,1.992400,0.397146
2026-01-30,H200,12,2.254056,0.299602
2026-01-31,A100,16,1.091744,0.269544
2026-01-31,B200,7,2.452525,0.137556
2026-01-31,B300,1,3.583100,
2026-01-31,H100,19,2.069700,0.398416
2026-01-31,H200,12,2.260081,0.283518
2026-02-01,A100,16,1.097987,0.259518
2026-02-01,B200,7,2.420962,0.153120
2026-02-01,B300,1,3.491125,
2026-02-01,H100,19,2.141600,0.396718
2026-02-01,H200,12,2.248625,0.260027
2026-02-02,A100,16,1.093481,0.252313
2026-02-02,B200,7,2.320988,0.143645
2026-02-02,B300,1,3.396925,
2026-02-02,H100,19,2.219900,0.399947
2026-02-02,H200,12,2.272894,0.237163
2026-02-03,A100,16,1.118556,0.256372
2026-02-03,B200,7,2.275387,0.130900
2026-02-03,B300,1,3.287950,
2026-02-03,H100,19,2.324900,0.425460
2026-02-03,H200,12,2.251931,0.191607
2026-02-04,A100,16,1.129781,0.261815
2026-02-04,B200,7,2.230338,0.149359
2026-02-04,B300,1,3.217750,
2026-02-04,H100,19,2.372012,0.449432
2026-02-04,H200,12,2.259369,0.165656
2026-02-05,A100,16,1.119950,0.231133
2026-02-05,B200,7,2.292550,0.156941
2026-02-05,B300,1,3.169850,
2026-02-05,H100,19,2.338763,0.490976
2026-02-05,H200,12,2.252825,0.141694
2026-02-06,A100,16,1.149656,0.230136
2026-02-06,B200,7,2.306025,0.167107
2026-02-06,B300,1,3.109375,
2026-02-06,H100,19,2.337238,0.479592
2026-02-06,H200,12,2.227325,0.135222
2026-02-07,A100,16,1.162713,0.243268
2026-02-07,B200,7,2.318975,0.181932
2026-02-07,B300,1,3.046925,
2026-02-07,H100,19,2.324900,0.496663
2026-02-07,H200,12,2.211750,0.148907
2026-02-08,A100,16,1.179806,0.265295
2026-02-08,B200,7,2.345087,0.192076
2026-02-08,B300,1,2.975125,
2026-02-08,H100,19,2.349700,0.533409
2026-02-08,H200,12,2.194869,0.183601
2026-02-09,A100,16,1.195887,0.275226
2026-02-09,B200,7,2.367875,0.200263
2026-02-09,B300,1,2.902112,
2026-02-09,H100,19,2.358963,0.586154
2026-02-09,H200,12,2.187556,0.196175
2026-02-10,A100,16,1.199012,0.292781
2026-02-10,B200,7,2.307888,0.233078
2026-02-10,B300,1,2.833862,
2026-02-10,H100,19,2.344263,0.649852
2026-02-10,H200,12,2.214913,0.211704
2026-02-11,A100,16,1.202375,0.328207
2026-02-11,B200,7,2.236337,0.232814
2026-02-11,B300,1,2.738437,
2026-02-11,H100,19,2.320750,0.675040
2026-02-11,H200,12,2.221575,0.202938
2026-02-12,A100,16,1.189406,0.335459
2026-02-12,B200,7,2.221988,0.224511
2026-02-12,B300,1,2.697612,
2026-02-12,H100,19,2.307200,0.681984
2026-02-12,H200,12,2.224037,0.167210
2026-02-13,A100,16,1.177712,0.343701
2026-02-13,B200,7,2.231750,0.218353
2026-02-13,B300,1,2.681925,
2026-02-13,H100,19,2.302212,0.697123
2026-02-13,H200,12,2.250550,0.131199
2026-02-14,A100,16,1.168331,0.329473
2026-02-14,B200,7,2.262850,0.226613
2026-02-14,B300,1,2.685837,
2026-02-14,H100,19,2.271675,0.713347
2026-02-14,H200,12,2.275244,0.136486
2026-02-15,A100,16,1.164825,0.338875
2026-02-15,B200,7,2.301550,0.240206
2026-02-15,B300,1,2.701575,
2026-02-15,H100,19,2.371325,0.713547
2026-02-15,H200,12,2.321250,0.148349
2026-02-16,A100,16,1.142987,0.357535
2026-02-16,B200,7,2.332712,0.200250
2026-02-16,B300,1,2.718300,
2026-02-16,H100,19,2.383713,0.720379
2026-02-16,H200,12,2.368613,0.146632
2026-02-17,A100,16,1.155775,0.380068
2026-02-17,B200,7,2.383525,0.183068
2026-02-17,B300,1,2.745025,
2026-02-17,H100,19,2.392475,0.765161
2026-02-17,H200,12,2.405656,0.136188
2026-02-18,A100,16,1.206450,0.374299
2026-02-18,B200,7,2.428150,0.157426
2026-02-18,B300,1,2.779625,
2026-02-18,H100,19,2.381600,0.819056
2026-02-18,H200,12,2.437206,0.150150
2026-02-19,A100,16,1.247550,0.371253
2026-02-19,B200,7,2.455513,0.118151
2026-02-19,B300,1,2.788838,
2026-02-19,H100,19,2.372050,0.869507
2026-02-19,H200,12,2.441537,0.150027
2026-02-20,A100,16,1.281350,0.365215
2026-02-20,B200,7,2.468863,0.114585
2026-02-20,B300,1,2.798825,
2026-02-20,H100,19,2.321837,0.916342
2026-02-20,H200,12,2.444719,0.160027
2026-02-21,A100,16,1.298969,0.373038
2026-02-21,B200,7,2.487500,0.103558
2026-02-21,B300,1,2.813613,
2026-02-21,H100,19,2.289738,0.945111
2026-02-21,H200,12,2.468913,0.157261
2026-02-22,A100,16,1.338237,0.339719
2026-02-22,B200,7,2.485962,0.069155
2026-02-22,B300,1,2.805150,
2026-02-22,H100,19,2.209250,1.020712
2026-02-22,H200,12,2.482881,0.158833
2026-02-23,A100,16,1.378044,0.340547
2026-02-23,B200,7,2.498850,0.083615
2026-02-23,B300,1,2.784712,
2026-02-23,H100,19,2.242837,1.080195
2026-02-23,H200,12,2.491625,0.158075
2026-02-24,A100,16,1.417581,0.337369
2026-02-24,B200,7,2.523925,0.045735
2026-02-24,B300,1,2.787525,
2026-02-24,H100,19,2.157075,1.130946
2026-02-24,H200,12,2.476125,0.171845
2026-02-25,A100,16,1.443031,0.332754
2026-02-25,B200,7,2.551788,0.030945
2026-02-25,B300,1,2.788725,
2026-02-25,H100,19,2.157975,1.173673
2026-02-25,H200,13,2.409975,0.186484
2026-02-26,A100,16,1.479319,0.307343
2026-02-26,B200,7,2.554950,0.046081
2026-02-26,B300,1,2.779212,
2026-02-26,H100,19,2.165250,1.225847
2026-02-26,H200,13,2.359587,0.200457
2026-02-27,A100,16,1.536244,0.260646
2026-02-27,B200,7,2.553375,0.049575
2026-02-27,B300,1,2.765825,
2026-02-27,H100,19,2.177375,1.244591
2026-02-27,H200,13,2.338487,0.180486
2026-02-28,A100,16,1.562663,0.247535
2026-02-28,B200,7,2.583038,0.047418
2026-02-28,B300,1,2.735612,
2026-02-28,H100,19,2.112413,1.224524
2026-02-28,H200,13,2.347450,0.176644
2026-07-01,A100,16,1.685594,0.303587
2026-07-01,B200,7,3.648525,0.088674
2026-07-01,B300,2,3.663281,0.269879
2026-07-01,H100,21,2.424800,1.279120
2026-07-01,H200,13,2.499300,0.163402
2026-07-02,A100,16,1.736775,0.288256
2026-07-02,B200,7,3.660087,0.123769
2026-07-02,B300,2,3.588719,0.266087
2026-07-02,H100,21,2.531800,0.261404
2026-07-02,H200,13,2.655375,0.067843
2026-07-03,A100,16,1.727875,0.272213
2026-07-03,B200,7,3.815500,0.188014
2026-07-03,B300,2,3.667044,0.237431
2026-07-03,H100,21,2.531800,0.235833
2026-07-03,H200,13,2.673812,0.049449
2026-07-04,A100,16,1.736531,0.270343
2026-07-04,B200,7,3.895250,0.167387
2026-07-04,B300,2,3.744637,0.210575
2026-07-04,H100,21,2.531800,0.241229
2026-07-04,H200,13,2.682200,0.051290
2026-07-05,A100,16,1.753450,0.267860
2026-07-05,B200,7,3.951513,0.169099
2026-07-05,B300,2,3.811881,0.188414
2026-07-05,H100,21,2.531800,0.234896
2026-07-05,H200,13,2.699050,0.038898
2026-07-06,A100,16,1.802400,0.230437
2026-07-06,B200,7,4.114113,0.174825
2026-07-06,B300,2,3.892869,0.162965
2026-07-06,H100,21,2.531800,0.223274
2026-07-06,H200,13,2.719737,0.032679
2026-07-07,A100,16,1.824081,0.188153
2026-07-07,B200,7,4.089050,0.149943
2026-07-07,B300,2,3.961037,0.142504
2026-07-07,H100,21,2.531800,0.188041
2026-07-07,H200,13,2.734950,0.026444
2026-07-08,A100,16,1.866706,0.180778
2026-07-08,B200,7,4.084788,0.150083
2026-07-08,B300,2,3.977306,0.137743
2026-07-08,H100,21,2.531800,0.173724
2026-07-08,H200,13,2.736963,0.029733
2026-07-09,A100,16,1.906950,0.182399
2026-07-09,B200,7,4.104412,0.145798
2026-07-09,B300,2,4.039737,0.119879
2026-07-09,H100,21,2.531800,0.163079
2026-07-09,H200,13,2.733850,0.029492
2026-07-10,A100,16,1.935919,0.192335
2026-07-10,B200,7,4.134512,0.145767
2026-07-10,B300,2,4.180606,0.081774
2026-07-10,H100,21,2.531800,0.141969
2026-07-10,H200,13,2.755125,0.030913
2026-07-11,A100,16,1.983637,0.217332
2026-07-11,B200,7,4.199187,0.146984
2026-07-11,B300,2,4.186163,0.080329
2026-07-11,H100,21,2.531800,0.145029
2026-07-11,H200,13,2.752850,0.031616
2026-07-12,A100,16,2.013031,0.195899
2026-07-12,B200,7,4.256538,0.153867
2026-07-12,B300,2,4.189131,0.079559
2026-07-12,H100,21,2.531800,0.137347
2026-07-12,H200,13,2.757913,0.030050
2026-07-13,A100,16,2.034356,0.213007
2026-07-13,B200,7,4.323012,0.146655
2026-07-13,B300,2,4.204063,0.075702
2026-07-13,H100,21,2.531800,0.130827
2026-07-13,H200,13,2.759700,0.024904
2026-07-14,A100,16,2.017781,0.237899
2026-07-14,B200,7,4.367050,0.102709
2026-07-14,B300,2,4.225969,0.070097
2026-07-14,H100,21,2.531800,0.119902
2026-07-14,H200,13,2.781075,0.078524
2026-07-15,A100,16,2.036575,0.262691
2026-07-15,B200,7,4.375475,0.097743
2026-07-15,B300,2,4.225269,0.070275
2026-07-15,H100,21,2.531800,0.115526
2026-07-15,H200,13,2.797450,0.079041
2026-07-16,A100,16,2.064750,0.290068
2026-07-16,B200,7,4.395150,0.099180
2026-07-16,B300,2,4.196600,0.077626
2026-07-16,H100,21,2.531800,0.115459
2026-07-16,H200,13,2.783575,0.079857
2026-07-17,A100,16,2.096737,0.307429
2026-07-17,B200,7,4.691187,0.097020
2026-07-17,B300,2,4.661300,0.166345
2026-07-17,H100,21,2.542825,0.082386
2026-07-17,H200,13,2.982825,0.091843
2026-07-18,A100,16,2.117081,0.301999
2026-07-18,B200,7,4.813400,0.020538
2026-07-18,B300,2,4.755094,0.142815
2026-07-18,H100,21,2.620100,0.065997
2026-07-18,H200,13,3.078562,0.051365
2026-07-19,A100,16,2.170631,0.259954
2026-07-19,B200,7,5.032088,0.012071
2026-07-19,B300,2,4.866344,0.116269
2026-07-19,H100,21,2.621637,0.023661
2026-07-19,H200,13,3.194212,0.042541
2026-07-20,A100,16,2.213344,0.232169
2026-07-20,B200,7,5.077375,0.023913
2026-07-20,B300,2,4.980288,0.090467
2026-07-20,H100,21,2.629500,0.018898
2026-07-20,H200,13,3.338837,0.074147
2026-07-21,A100,16,2.186169,0.210787
2026-07-21,B200,7,5.083900,0.028618
2026-07-21,B300,2,5.081119,0.068694
2026-07-21,H100,21,2.629500,0.010552
2026-07-21,H200,13,3.361838,0.075079
2026-07-22,A100,16,2.234294,0.177528
2026-07-22,B200,7,5.095788,0.028911
2026-07-22,B300,2,5.125044,0.059498
2026-07-22,H100,21,2.629500,0.010576
2026-07-22,H200,13,3.378662,0.075702
2026-07-23,A100,16,2.246606,0.184069
2026-07-23,B200,7,5.096175,0.027054
2026-07-23,B300,2,5.193050,0.045585
2026-07-23,H100,21,2.629500,0.010782
2026-07-23,H200,13,3.385000,0.075595
2026-07-24,A100,16,2.259387,0.182982
2026-07-24,B200,7,5.090687,0.026314
2026-07-24,B300,2,5.222031,0.039772
2026-07-24,H100,21,2.629500,0.011441
2026-07-24,H200,13,3.382250,0.075926
2026-07-25,A100,16,2.277206,0.179864
2026-07-25,B200,7,5.097675,0.027541
2026-07-25,B300,2,5.231519,0.037884
2026-07-25,H100,21,2.629500,0.012345
2026-07-25,H200,13,3.377150,0.075926
2026-07-26,A100,16,2.285625,0.180832
2026-07-26,B200,7,5.104075,0.028919
2026-07-26,B300,2,5.260294,0.032199
2026-07-26,H100,21,2.629500,0.012157
2026-07-26,H200,13,3.378600,0.076228
2026-07-27,A100,16,2.308450,0.174508
2026-07-27,B200,7,5.111625,0.032343
2026-07-27,B300,2,5.322100,0.020204
2026-07-27,H100,21,2.629500,0.012230
2026-07-27,H200,13,3.382625,0.076257
2026-07-28,A100,16,2.387181,0.172910
2026-07-28,B200,7,5.119788,0.034031
2026-07-28,B300,2,5.416431,0.002434
2026-07-28,H100,21,2.629500,0.011345
2026-07-28,H200,13,3.386087,0.076187
2026-07-29,A100,16,2.402238,0.160894
2026-07-29,B200,7,5.132100,0.030162
2026-07-29,B300,2,5.496944,0.012249
2026-07-29,H100,21,2.629500,0.009961
2026-07-29,H200,13,3.387612,0.076676
2026-07-30,A100,16,2.398319,0.170042
2026-07-30,B200,7,5.247175,0.030737
2026-07-30,B300,2,5.838038,0.025213
2026-07-30,H100,21,2.629500,0.009462
2026-07-30,H200,13,3.386487,0.076827
2026-07-31,A100,16,2.402700,0.171826
2026-07-31,B200,7,5.268350,0.017656
2026-07-31,B300,2,5.859981,0.032139
2026-07-31,H100,21,2.629500,0.008790
2026-07-31,H200,13,3.384900,0.076537
2026-08-01,A100,16,2.404031,0.160118
2026-08-01,B200,7,5.269712,0.017908
2026-08-01,B300,2,5.903219,0.041716
2026-08-01,H100,21,2.629500,0.003510
2026-08-01,H200,13,3.388125,0.076356
2026-08-02,A100,16,2.403388,0.151021
2026-08-02,B200,7,5.270825,0.017196
2026-08-02,B300,2,6.009225,0.072122
2026-08-02,H100,21,2.629500,0.003734
2026-08-02,H200,13,3.394238,0.076367
2026-08-03,A100,16,2.386750,0.158169
2026-08-03,B200,7,5.277200,0.015158
2026-08-03,B300,2,6.081906,0.083290
2026-08-03,H100,21,2.629500,0.004822
2026-08-03,H200,13,3.394837,0.076412
2026-08-04,A100,16,2.411431,0.210985
2026-08-04,B200,7,5.278087,0.010777
2026-08-04,B300,2,6.069038,0.081339
2026-08-04,H100,21,2.629500,0.007242
2026-08-04,H200,13,3.391475,0.076875
2026-08-05,A100,16,2.417600,0.241500
2026-08-05,B200,7,5.277950,0.010908
2026-08-05,B300,2,6.013312,0.070784
2026-08-05,H100,21,2.629500,0.010782
2026-08-05,H200,13,3.389875,0.076989
2026-08-06,A100,16,2.414750,0.262193
2026-08-06,B200,7,5.277875,0.011242
2026-08-06,B300,3,5.992788,0.071513
2026-08-06,H100,21,2.629500,0.011018
2026-08-06,H200,13,3.388412,0.077463
2026-08-07,A100,16,2.417950,0.273494
2026-08-07,B200,7,5.281300,0.011455
2026-08-07,B300,3,6.172313,0.072728
2026-08-07,H100,21,2.629500,0.012398
2026-08-07,H200,13,3.387462,0.078340
2026-08-08,A100,16,2.412925,0.263977
2026-08-08,B200,7,5.280712,0.011827
2026-08-08,B300,3,6.246925,0.072737
2026-08-08,H100,21,2.629500,0.013776
2026-08-08,H200,13,3.387475,0.078550
2026-08-09,A100,16,2.413450,0.246641
2026-08-09,B200,7,5.280975,0.012025
2026-08-09,B300,3,6.433063,0.077011
2026-08-09,H100,21,2.629500,0.014460
2026-08-09,H200,13,3.387237,0.078638
2026-08-10,A100,16,2.420256,0.210472
2026-08-10,B200,7,5.283425,0.011087
2026-08-10,B300,3,6.442975,0.078831
2026-08-10,H100,21,2.621625,0.015324
2026-08-10,H200,13,3.388400,0.078561
2026-08-11,A100,16,2.442475,0.235455
2026-08-11,B200,7,5.254112,0.013224
2026-08-11,B300,3,6.444225,0.078217
2026-08-11,H100,21,2.621863,0.015199
2026-08-11,H200,13,3.387300,0.079910
2026-08-12,A100,16,2.447763,0.233848
2026-08-12,B200,7,5.250400,0.012338
2026-08-12,B300,3,6.433537,0.079364
2026-08-12,H100,21,2.622225,0.014494
2026-08-12,H200,13,3.387087,0.080789
2026-08-13,A100,16,2.459800,0.268587
2026-08-13,B200,7,5.220087,0.022214
2026-08-13,B300,3,6.339475,0.076669
2026-08-13,H100,21,2.620988,0.014605
2026-08-13,H200,13,3.394137,0.082900
2026-08-14,A100,16,2.464613,0.286625
2026-08-14,B200,7,5.216775,0.020377
2026-08-14,B300,3,6.403100,0.075261
2026-08-14,H100,21,2.621000,0.014301
2026-08-14,H200,13,3.396275,0.082900
2026-08-15,A100,16,2.462925,0.292985
2026-08-15,B200,7,5.228950,0.012572
2026-08-15,B300,3,6.461213,0.073339
2026-08-15,H100,21,2.619000,0.014668
2026-08-15,H200,13,3.393250,0.078851
2026-08-16,A100,16,2.464644,0.294034
2026-08-16,B200,7,5.232287,0.011455
2026-08-16,B300,3,6.489550,0.075512
2026-08-16,H100,21,2.611088,0.017474
2026-08-16,H200,13,3.370275,0.078208
2026-08-17,A100,16,2.426300,0.306220
2026-08-17,B200,7,5.232462,0.007663
2026-08-17,B300,3,6.467550,0.074346
2026-08-17,H100,21,2.605488,0.022387
2026-08-17,H200,13,3.361463,0.074859
2026-08-18,A100,16,2.427819,0.343278
2026-08-18,B200,7,5.232712,0.007470
2026-08-18,B300,3,6.443450,0.072801
2026-08-18,H100,21,2.605525,0.022752
2026-08-18,H200,13,3.360600,0.071771
2026-08-19,A100,16,2.428562,0.315818
2026-08-19,B200,7,5.233150,0.007848
2026-08-19,B300,3,6.404275,0.070006
2026-08-19,H100,21,2.593300,0.021100
2026-08-19,H200,13,3.359987,0.071087
2026-08-20,A100,16,2.428056,0.310935
2026-08-20,B200,7,5.237662,0.005729
2026-08-20,B300,3,6.347338,0.071048
2026-08-20,H100,22,2.594719,0.022300
2026-08-20,H200,13,3.344512,0.070096
2026-08-21,A100,16,2.392375,0.305675
2026-08-21,B200,7,5.236800,0.006450
2026-08-21,B300,3,6.311000,0.072343
2026-08-21,H100,22,2.594037,0.023288
2026-08-21,H200,13,3.348225,0.070577
2026-08-22,A100,16,2.375363,0.283975
2026-08-22,B200,7,5.236225,0.007927
2026-08-22,B300,3,6.310437,0.071968
2026-08-22,H100,22,2.593644,0.020876
2026-08-22,H200,13,3.357438,0.070518
2026-08-23,A100,16,2.359425,0.276347
2026-08-23,B200,7,5.230400,0.006307
2026-08-23,B300,3,6.298538,0.070781
2026-08-23,H100,22,2.594344,0.019498
2026-08-23,H200,13,3.357088,0.069637
2026-08-24,A100,16,2.346506,0.295907
2026-08-24,B200,7,5.210475,0.005016
2026-08-24,B300,3,6.277500,0.072875
2026-08-24,H100,22,2.589325,0.019688
2026-08-24,H200,13,3.354087,0.068233
2026-08-25,A100,16,2.312869,0.315429
2026-08-25,B200,7,5.210325,0.007340
2026-08-25,B300,3,6.262350,0.073876
2026-08-25,H100,22,2.585387,0.020975
2026-08-25,H200,13,3.349512,0.066563
2026-08-26,A100,16,2.293506,0.341229
2026-08-26,B200,7,5.206450,0.007136
2026-08-26,B300,4,5.903063,0.138763
2026-08-26,H100,23,2.588887,0.032883
2026-08-26,H200,13,3.349312,0.066722
2026-08-27,A100,16,2.278519,0.359682
2026-08-27,B200,7,5.223025,0.006828
2026-08-27,B300,4,5.899612,0.140219
2026-08-27,H100,23,2.588062,0.033697
2026-08-27,H200,13,3.351100,0.066934
2026-08-28,A100,16,2.269512,0.373184
2026-08-28,B200,7,5.214075,0.006644
2026-08-28,B300,4,5.924938,0.124111
2026-08-28,H100,24,2.597506,0.036209
2026-08-28,H200,13,3.352638,0.067157
2026-08-29,A100,16,2.252306,0.373883
2026-08-29,B200,7,5.211050,0.006606
2026-08-29,B300,4,5.952013,0.125745
2026-08-29,H100,24,2.596456,0.036773
2026-08-29,H200,13,3.355275,0.067361
2026-08-30,A100,16,2.245119,0.339950
2026-08-30,B200,7,5.219775,0.005138
2026-08-30,B300,4,5.926000,0.129086
2026-08-30,H100,24,2.629500,0.026632
2026-08-30,H200,13,3.358138,0.068507
2026-08-31,A100,16,2.269863,0.309803
2026-08-31,B200,7,5.230213,0.003580
2026-08-31,B300,4,5.924263,0.132341
2026-08-31,H100,24,2.629500,0.025476
2026-08-31,H200,13,3.359775,0.069396
2026-09-01,A100,16,2.272031,0.301984
2026-09-01,B200,7,5.234287,0.004977
2026-09-01,B300,4,5.923056,0.134007
2026-09-01,H100,24,2.629500,0.024156
2026-09-01,H200,13,3.361925,0.072000
2026-09-02,A100,16,2.265094,0.307689
2026-09-02,B200,7,5.236025,0.004181
2026-09-02,B300,4,5.925069,0.129569
2026-09-02,H100,24,2.629500,0.023995
2026-09-02,H200,13,3.362250,0.072041
2026-09-03,A100,16,2.265981,0.323332
2026-09-03,B200,7,5.236675,0.004183
2026-09-03,B300,4,5.937794,0.132156
2026-09-03,H100,24,2.629500,0.023314
2026-09-03,H200,13,3.371587,0.072391
2026-09-04,A100,16,2.283694,0.335625
2026-09-04,B200,7,5.236975,0.003617
2026-09-04,B300,4,5.947538,0.133741
2026-09-04,H100,24,2.629500,0.021703
2026-09-04,H200,13,3.372387,0.072236
2026-09-05,A100,16,2.295906,0.344272
2026-09-05,B200,7,5.236862,0.003691
2026-09-05,B300,4,5.955550,0.135548
2026-09-05,H100,24,2.629500,0.022262
2026-09-05,H200,13,3.373038,0.072222
2026-09-06,A100,16,2.299737,0.353947
2026-09-06,B200,7,5.241638,0.004318
2026-09-06,B300,4,5.971512,0.139605
2026-09-06,H100,24,2.629500,0.022250
2026-09-06,H200,13,3.374900,0.072639
2026-09-07,A100,16,2.306400,0.371410
2026-09-07,B200,7,5.246125,0.006620
2026-09-07,B300,4,5.988175,0.142835
2026-09-07,H100,24,2.629500,0.021827
2026-09-07,H200,13,3.377463,0.073495
2026-09-08,A100,16,2.320769,0.385230
2026-09-08,B200,7,5.257125,0.007883
2026-09-08,B300,4,6.001875,0.143837
2026-09-08,H100,24,2.629500,0.020126
2026-09-08,H200,13,3.379488,0.074317
2026-09-09,A100,16,2.338131,0.390155
2026-09-09,B200,7,5.255375,0.009835
2026-09-09,B300,4,6.019675,0.146271
2026-09-09,H100,24,2.629500,0.020643
2026-09-09,H200,13,3.380713,0.074383
2026-09-10,A100,16,2.347587,0.405733
2026-09-10,B200,7,5.261800,0.008152
2026-09-10,B300,4,6.025562,0.147430
2026-09-10,H100,24,2.629500,0.019939
2026-09-10,H200,13,3.381288,0.074096
2026-09-11,A100,16,2.343350,0.409873
2026-09-11,B200,7,5.263388,0.003640
2026-09-11,B300,4,6.025244,0.147388
2026-09-11,H100,24,2.629500,0.018849
2026-09-11,H200,13,3.380825,0.074052
2026-09-12,A100,16,2.345925,0.426231
2026-09-12,B200,7,5.278638,0.006811
2026-09-12,B300,4,6.030781,0.147808
2026-09-12,H100,25,2.629500,0.019261
2026-09-12,H200,13,3.379625,0.073930
2026-09-13,A100,16,2.358062,0.433174
2026-09-13,B200,7,5.280588,0.006700
2026-09-13,B300,4,6.042400,0.148459
2026-09-13,H100,25,2.629500,0.018481
2026-09-13,H200,13,3.379850,0.074066
2026-09-14,A100,16,2.366950,0.418879
2026-09-14,B200,7,5.282113,0.006152
2026-09-14,B300,4,6.052075,0.149695
2026-09-14,H100,25,2.629500,0.017653
2026-09-14,H200,13,3.382275,0.074925
2026-09-15,A100,16,2.361975,0.389924
2026-09-15,B200,7,5.283000,0.006112
2026-09-15,B300,4,6.051356,0.151965
2026-09-15,H100,25,2.629500,0.017315
2026-09-15,H200,13,3.382500,0.076426
2026-09-16,A100,16,2.346731,0.396866
2026-09-16,B200,7,5.283762,0.005946
2026-09-16,B300,4,6.055856,0.153650
2026-09-16,H100,25,2.629500,0.017088
2026-09-16,H200,13,3.383850,0.076629
2026-09-17,A100,16,2.345344,0.408701
2026-09-17,B200,7,5.284175,0.005744
2026-09-17,B300,4,6.059600,0.155292
2026-09-17,H100,25,2.629500,0.016797
2026-09-17,H200,13,3.385162,0.076618
2026-09-18,A100,16,2.355044,0.421328
2026-09-18,B200,7,5.284162,0.005571
2026-09-18,B300,4,6.063050,0.157478
2026-09-18,H100,25,2.629500,0.016232
2026-09-18,H200,13,3.383325,0.076515
2026-09-19,A100,16,2.375669,0.427703
2026-09-19,B200,7,5.286688,0.005277
2026-09-19,B300,4,6.065988,0.158743
2026-09-19,H100,25,2.629500,0.015797
2026-09-19,H200,13,3.379662,0.076555
2026-09-20,A100,16,2.346787,0.429518
2026-09-20,B200,7,5.288025,0.004396
2026-09-20,B300,4,6.069088,0.160417
2026-09-20,H100,25,2.629500,0.014147
2026-09-20,H200,13,3.383888,0.077073
2026-09-21,A100,16,2.322594,0.423619
2026-09-21,B200,7,5.290088,0.003524
2026-09-21,B300,4,6.069150,0.162233
2026-09-21,H100,25,2.629500,0.013511
2026-09-21,H200,13,3.391262,0.077680
2026-09-22,A100,16,2.326412,0.399372
2026-09-22,B200,7,5.294100,0.002286
2026-09-22,B300,4,6.081081,0.162757
2026-09-22,H100,25,2.629500,0.012836
2026-09-22,H200,13,3.394250,0.079536
2026-09-23,A100,16,2.283519,0.374223
2026-09-23,B200,7,5.291925,0.006724
2026-09-23,B300,4,6.088669,0.162981
2026-09-23,H100,25,2.629500,0.012706
2026-09-23,H200,13,3.393687,0.079687
2026-09-24,A100,16,2.254544,0.348856
2026-09-24,B200,7,5.292225,0.005752
2026-09-24,B300,4,6.094281,0.163089
2026-09-24,H100,25,2.629500,0.012591
2026-09-24,H200,13,3.392863,0.079683
2026-09-25,A100,16,2.250656,0.336765
2026-09-25,B200,7,5.292100,0.005310
2026-09-25,B300,4,6.097950,0.163539
2026-09-25,H100,25,2.629500,0.012345
2026-09-25,H200,13,3.390963,0.079661
2026-09-26,A100,16,2.282800,0.329184
2026-09-26,B200,7,5.292000,0.005098
2026-09-26,B300,4,6.100256,0.163800
2026-09-26,H100,25,2.629500,0.012158
2026-09-26,H200,13,3.391188,0.079635
2026-09-27,A100,16,2.242088,0.330583
2026-09-27,B200,7,5.292962,0.005095
2026-09-27,B300,4,6.107356,0.164652
2026-09-27,H100,25,2.629500,0.012629
2026-09-27,H200,13,3.393500,0.079734
2026-09-28,A100,16,2.183831,0.338499
2026-09-28,B200,7,5.293475,0.005210
2026-09-28,B300,4,6.083625,0.157641
2026-09-28,H100,25,2.629500,0.014528
2026-09-28,H200,13,3.399938,0.079888
2026-09-29,A100,16,2.244056,0.352806
2026-09-29,B200,7,5.293737,0.004663
2026-09-29,B300,4,6.098488,0.156559
2026-09-29,H100,25,2.618912,0.017465
2026-09-29,H200,13,3.405687,0.079961
2026-09-30,A100,16,2.264606,0.352562
2026-09-30,B200,7,5.294263,0.005900
2026-09-30,B300,4,6.448894,0.073268
2026-09-30,H100,25,2.629500,0.016955
2026-09-30,H200,13,3.400162,0.079320
